USE `fitcal`;

INSERT INTO Profiles (username, firstName, lastName, bio, registrationDate, birthDate) VALUES ('ltwoohy0', 'Loren', 'Twoohy', 'Fusce posuere felis sed lacus. Morbi sem mauris, laoreet ut, rhoncus aliquet, pulvinar sed, nisl. Nunc rhoncus dui vel sem.', '2023-11-29 06:56:27', '1913-12-23 06:22:31');
INSERT INTO Profiles (username, firstName, lastName, bio, registrationDate, birthDate) VALUES ('cpetegree1', 'Cathrin', 'Petegree', 'Curabitur gravida nisi at nibh. In hac habitasse platea dictumst. Aliquam augue quam, sollicitudin vitae, consectetuer eget, rutrum at, lorem.', '2023-09-24 11:08:48', '1918-11-05 06:31:40');
INSERT INTO Profiles (username, firstName, lastName, bio, registrationDate, birthDate) VALUES ('mells2', 'Mallorie', 'Ells', 'Donec dapibus. Duis at velit eu est congue elementum.', '2022-12-07 05:15:55', '1990-04-11 19:23:49');
INSERT INTO Profiles (username, firstName, lastName, bio, registrationDate, birthDate) VALUES ('draistrick3', 'Demott', 'Raistrick', 'Morbi porttitor lorem id ligula. Suspendisse ornare consequat lectus.', '2022-12-30 12:09:21', '2020-08-17 06:50:28');
INSERT INTO Profiles (username, firstName, lastName, bio, registrationDate, birthDate) VALUES ('hyglesia4', 'Hattie', 'Yglesia', 'Donec vitae nisi. Nam ultrices, libero non mattis pulvinar, nulla pede ullamcorper augue, a suscipit nulla elit ac nulla. Sed vel enim sit amet nunc viverra dapibus.', '2023-04-13 23:49:05', '1921-06-16 02:15:00');
INSERT INTO Profiles (username, firstName, lastName, bio, registrationDate, birthDate) VALUES ('kmattessen5', 'Kordula', 'Mattessen', 'Donec diam neque, vestibulum eget, vulputate ut, ultrices vel, augue.', '2023-03-21 21:10:30', '1930-06-27 15:25:09');
INSERT INTO Profiles (username, firstName, lastName, bio, registrationDate, birthDate) VALUES ('feberz6', 'Felix', 'Eberz', 'Fusce lacus purus, aliquet at, feugiat non, pretium quis, lectus. Suspendisse potenti. In eleifend quam a odio.', '2023-02-16 15:28:11', '1982-07-07 23:19:55');
INSERT INTO Profiles (username, firstName, lastName, bio, registrationDate, birthDate) VALUES ('ethatcher7', 'Elli', 'Thatcher', 'In sagittis dui vel nisl.', '2022-12-09 12:24:05', '1990-03-10 22:36:01');
INSERT INTO Profiles (username, firstName, lastName, bio, registrationDate, birthDate) VALUES ('ekain8', 'Elva', 'Kain', 'Suspendisse potenti.', '2023-11-04 15:07:49', '1926-09-25 17:02:48');
INSERT INTO Profiles (username, firstName, lastName, bio, registrationDate, birthDate) VALUES ('dnimmo9', 'Darren', 'Nimmo', 'In eleifend quam a odio.', '2023-01-24 12:30:17', '1927-12-15 00:54:06');
INSERT INTO Profiles (username, firstName, lastName, bio, registrationDate, birthDate) VALUES ('bplampeyna', 'Berri', 'Plampeyn', 'Nulla ac enim.', '2023-08-13 13:13:51', '1956-07-02 12:47:42');
INSERT INTO Profiles (username, firstName, lastName, bio, registrationDate, birthDate) VALUES ('ctrippb', 'Cornelia', 'Tripp', 'Quisque porta volutpat erat. Quisque erat eros, viverra eget, congue eget, semper rutrum, nulla.', '2023-06-26 17:19:50', '1959-05-13 09:18:44');
INSERT INTO Profiles (username, firstName, lastName, bio, registrationDate, birthDate) VALUES ('pclausc', 'Pearline', 'Claus', 'Aliquam quis turpis eget elit sodales scelerisque. Mauris sit amet eros. Suspendisse accumsan tortor quis turpis.', '2023-07-02 05:18:17', '1969-11-11 13:59:53');
INSERT INTO Profiles (username, firstName, lastName, bio, registrationDate, birthDate) VALUES ('fguerind', 'Faulkner', 'Guerin', 'Integer ac neque. Duis bibendum. Morbi non quam nec dui luctus rutrum.', '2023-06-10 04:17:56', '1917-11-12 07:57:28');
INSERT INTO Profiles (username, firstName, lastName, bio, registrationDate, birthDate) VALUES ('apensome', 'Algernon', 'Pensom', 'Proin leo odio, porttitor id, consequat in, consequat ut, nulla.', '2022-12-15 03:12:47', '1995-03-10 05:50:08');
INSERT INTO Profiles (username, firstName, lastName, bio, registrationDate, birthDate) VALUES ('lperratf', 'Lelia', 'Perrat', 'Nulla suscipit ligula in lacus. Curabitur at ipsum ac tellus semper interdum.', '2023-06-07 11:02:16', '2004-04-28 08:46:00');
INSERT INTO Profiles (username, firstName, lastName, bio, registrationDate, birthDate) VALUES ('gcahaling', 'Gay', 'Cahalin', 'Nullam sit amet turpis elementum ligula vehicula consequat.', '2023-09-20 14:56:41', '1923-02-10 07:57:29');
INSERT INTO Profiles (username, firstName, lastName, bio, registrationDate, birthDate) VALUES ('kfowgiesh', 'Kalil', 'Fowgies', 'Nam tristique tortor eu pede.', '2023-08-22 01:09:05', '1998-09-19 11:53:42');
INSERT INTO Profiles (username, firstName, lastName, bio, registrationDate, birthDate) VALUES ('rfihellyi', 'Rodolph', 'Fihelly', 'Suspendisse potenti.', '2022-12-21 03:34:41', '1971-05-16 23:54:36');
INSERT INTO Profiles (username, firstName, lastName, bio, registrationDate, birthDate) VALUES ('gzecchiij', 'Garek', 'Zecchii', 'Nulla justo. Aliquam quis turpis eget elit sodales scelerisque. Mauris sit amet eros.', '2023-11-04 04:33:28', '1990-12-05 22:27:39');
INSERT INTO Profiles (username, firstName, lastName, bio, registrationDate, birthDate) VALUES ('gminshullk', 'George', 'Minshull', 'Vestibulum ante ipsum primis in faucibus orci luctus et ultrices posuere cubilia Curae; Duis faucibus accumsan odio.', '2023-07-07 14:49:09', '1927-09-30 05:34:45');
INSERT INTO Profiles (username, firstName, lastName, bio, registrationDate, birthDate) VALUES ('rcheakel', 'Rollins', 'Cheake', 'In hac habitasse platea dictumst.', '2023-03-04 12:06:21', '1938-05-12 15:54:00');
INSERT INTO Profiles (username, firstName, lastName, bio, registrationDate, birthDate) VALUES ('grushbrookem', 'Gwendolyn', 'Rushbrooke', 'Maecenas tincidunt lacus at velit.', '2023-04-11 14:43:47', '1976-08-30 10:25:51');
INSERT INTO Profiles (username, firstName, lastName, bio, registrationDate, birthDate) VALUES ('ldrydalen', 'Luelle', 'Drydale', 'Ut at dolor quis odio consequat varius. Integer ac leo. Pellentesque ultrices mattis odio.', '2023-04-14 20:24:35', '1941-07-10 21:49:14');
INSERT INTO Profiles (username, firstName, lastName, bio, registrationDate, birthDate) VALUES ('apitchero', 'Anselm', 'Pitcher', 'Aenean fermentum. Donec ut mauris eget massa tempor convallis. Nulla neque libero, convallis eget, eleifend luctus, ultricies eu, nibh.', '2023-05-21 23:10:41', '1985-10-12 10:15:14');
INSERT INTO Profiles (username, firstName, lastName, bio, registrationDate, birthDate) VALUES ('tleggisp', 'Tammara', 'Leggis', 'Maecenas leo odio, condimentum id, luctus nec, molestie sed, justo.', '2023-06-16 01:37:39', '1944-11-22 00:43:22');
INSERT INTO Profiles (username, firstName, lastName, bio, registrationDate, birthDate) VALUES ('canstisq', 'Caroline', 'Anstis', 'Maecenas pulvinar lobortis est.', '2023-04-15 21:09:58', '2014-06-27 04:23:01');
INSERT INTO Profiles (username, firstName, lastName, bio, registrationDate, birthDate) VALUES ('bgerataschr', 'Brenda', 'Geratasch', 'Proin leo odio, porttitor id, consequat in, consequat ut, nulla. Sed accumsan felis.', '2023-10-06 17:13:12', '1991-01-19 23:21:43');
INSERT INTO Profiles (username, firstName, lastName, bio, registrationDate, birthDate) VALUES ('cderls', 'Cyndia', 'Derl', 'Vivamus metus arcu, adipiscing molestie, hendrerit at, vulputate vitae, nisl. Aenean lectus.', '2023-04-19 09:07:39', '1924-09-21 21:07:05');
INSERT INTO Profiles (username, firstName, lastName, bio, registrationDate, birthDate) VALUES ('yhedint', 'Yvonne', 'Hedin', 'Morbi sem mauris, laoreet ut, rhoncus aliquet, pulvinar sed, nisl.', '2023-02-18 05:00:59', '2002-12-07 20:35:05');

INSERT INTO DayTrackers (dayTrackerID, date, username) VALUES (1, '2023-06-29', 'ltwoohy0');
INSERT INTO DayTrackers (dayTrackerID, date, username) VALUES (2, '2023-07-25', 'ltwoohy0');
INSERT INTO DayTrackers (dayTrackerID, date, username) VALUES (3, '2023-09-23', 'cpetegree1');
INSERT INTO DayTrackers (dayTrackerID, date, username) VALUES (4, '2023-02-14', 'cpetegree1');
INSERT INTO DayTrackers (dayTrackerID, date, username) VALUES (5, '2023-04-17', 'mells2');
INSERT INTO DayTrackers (dayTrackerID, date, username) VALUES (6, '2022-12-22', 'mells2');
INSERT INTO DayTrackers (dayTrackerID, date, username) VALUES (7, '2023-06-11', 'draistrick3');
INSERT INTO DayTrackers (dayTrackerID, date, username) VALUES (8, '2022-12-17', 'draistrick3');
INSERT INTO DayTrackers (dayTrackerID, date, username) VALUES (9, '2023-04-22', 'hyglesia4');
INSERT INTO DayTrackers (dayTrackerID, date, username) VALUES (10, '2023-04-12', 'hyglesia4');
INSERT INTO DayTrackers (dayTrackerID, date, username) VALUES (11, '2022-12-11', 'kmattessen5');
INSERT INTO DayTrackers (dayTrackerID, date, username) VALUES (12, '2023-01-08', 'kmattessen5');
INSERT INTO DayTrackers (dayTrackerID, date, username) VALUES (13, '2023-08-15', 'feberz6');
INSERT INTO DayTrackers (dayTrackerID, date, username) VALUES (14, '2023-10-04', 'feberz6');
INSERT INTO DayTrackers (dayTrackerID, date, username) VALUES (15, '2023-01-08', 'ethatcher7');
INSERT INTO DayTrackers (dayTrackerID, date, username) VALUES (16, '2023-11-23', 'ethatcher7');
INSERT INTO DayTrackers (dayTrackerID, date, username) VALUES (17, '2023-01-19', 'ekain8');
INSERT INTO DayTrackers (dayTrackerID, date, username) VALUES (18, '2022-12-09', 'ekain8');
INSERT INTO DayTrackers (dayTrackerID, date, username) VALUES (19, '2023-04-03', 'dnimmo9');
INSERT INTO DayTrackers (dayTrackerID, date, username) VALUES (20, '2023-11-09', 'dnimmo9');
INSERT INTO DayTrackers (dayTrackerID, date, username) VALUES (21, '2023-09-07', 'bplampeyna');
INSERT INTO DayTrackers (dayTrackerID, date, username) VALUES (22, '2023-10-03', 'bplampeyna');
INSERT INTO DayTrackers (dayTrackerID, date, username) VALUES (23, '2023-09-09', 'ctrippb');
INSERT INTO DayTrackers (dayTrackerID, date, username) VALUES (24, '2022-12-30', 'ctrippb');
INSERT INTO DayTrackers (dayTrackerID, date, username) VALUES (25, '2023-11-25', 'pclausc');
INSERT INTO DayTrackers (dayTrackerID, date, username) VALUES (26, '2023-08-29', 'pclausc');
INSERT INTO DayTrackers (dayTrackerID, date, username) VALUES (27, '2023-05-16', 'fguerind');
INSERT INTO DayTrackers (dayTrackerID, date, username) VALUES (28, '2023-01-29', 'fguerind');
INSERT INTO DayTrackers (dayTrackerID, date, username) VALUES (29, '2023-10-09', 'apensome');
INSERT INTO DayTrackers (dayTrackerID, date, username) VALUES (30, '2023-01-07', 'apensome');
INSERT INTO DayTrackers (dayTrackerID, date, username) VALUES (31, '2022-12-12', 'lperratf');
INSERT INTO DayTrackers (dayTrackerID, date, username) VALUES (32, '2023-07-19', 'lperratf');
INSERT INTO DayTrackers (dayTrackerID, date, username) VALUES (33, '2023-01-02', 'gcahaling');
INSERT INTO DayTrackers (dayTrackerID, date, username) VALUES (34, '2023-11-25', 'gcahaling');
INSERT INTO DayTrackers (dayTrackerID, date, username) VALUES (35, '2023-11-27', 'kfowgiesh');
INSERT INTO DayTrackers (dayTrackerID, date, username) VALUES (36, '2023-08-02', 'kfowgiesh');
INSERT INTO DayTrackers (dayTrackerID, date, username) VALUES (37, '2023-04-01', 'rfihellyi');
INSERT INTO DayTrackers (dayTrackerID, date, username) VALUES (38, '2023-08-14', 'rfihellyi');
INSERT INTO DayTrackers (dayTrackerID, date, username) VALUES (39, '2023-05-03', 'gzecchiij');
INSERT INTO DayTrackers (dayTrackerID, date, username) VALUES (40, '2023-10-24', 'gzecchiij');
INSERT INTO DayTrackers (dayTrackerID, date, username) VALUES (41, '2023-08-18', 'gminshullk');
INSERT INTO DayTrackers (dayTrackerID, date, username) VALUES (42, '2023-03-15', 'gminshullk');
INSERT INTO DayTrackers (dayTrackerID, date, username) VALUES (43, '2023-03-28', 'rcheakel');
INSERT INTO DayTrackers (dayTrackerID, date, username) VALUES (44, '2023-01-15', 'rcheakel');
INSERT INTO DayTrackers (dayTrackerID, date, username) VALUES (45, '2023-07-10', 'grushbrookem');
INSERT INTO DayTrackers (dayTrackerID, date, username) VALUES (46, '2023-11-25', 'grushbrookem');
INSERT INTO DayTrackers (dayTrackerID, date, username) VALUES (47, '2023-07-31', 'ldrydalen');
INSERT INTO DayTrackers (dayTrackerID, date, username) VALUES (48, '2023-04-25', 'ldrydalen');
INSERT INTO DayTrackers (dayTrackerID, date, username) VALUES (49, '2023-09-18', 'apitchero');
INSERT INTO DayTrackers (dayTrackerID, date, username) VALUES (50, '2023-09-10', 'apitchero');
INSERT INTO DayTrackers (dayTrackerID, date, username) VALUES (51, '2023-07-03', 'tleggisp');
INSERT INTO DayTrackers (dayTrackerID, date, username) VALUES (52, '2023-09-04', 'tleggisp');
INSERT INTO DayTrackers (dayTrackerID, date, username) VALUES (53, '2022-12-07', 'canstisq');
INSERT INTO DayTrackers (dayTrackerID, date, username) VALUES (54, '2023-09-19', 'canstisq');
INSERT INTO DayTrackers (dayTrackerID, date, username) VALUES (55, '2023-07-07', 'bgerataschr');
INSERT INTO DayTrackers (dayTrackerID, date, username) VALUES (56, '2023-04-29', 'bgerataschr');
INSERT INTO DayTrackers (dayTrackerID, date, username) VALUES (57, '2023-03-03', 'cderls');
INSERT INTO DayTrackers (dayTrackerID, date, username) VALUES (58, '2023-04-30', 'cderls');
INSERT INTO DayTrackers (dayTrackerID, date, username) VALUES (59, '2023-02-25', 'yhedint');
INSERT INTO DayTrackers (dayTrackerID, date, username) VALUES (60, '2022-12-13', 'yhedint');

INSERT INTO Measurements (measureID, waterIntake, hoursSlept, heightFeet, heightInches, weight, dayTrackerID) VALUES (1, 75.4, 2.9, 7, 11, 173.4, '11');
INSERT INTO Measurements (measureID, waterIntake, hoursSlept, heightFeet, heightInches, weight, dayTrackerID) VALUES (2, 40.5, 0.6, 6, 9, 57.3, '33');
INSERT INTO Measurements (measureID, waterIntake, hoursSlept, heightFeet, heightInches, weight, dayTrackerID) VALUES (3, 128.2, 8.0, 6, 7, 138.2, '19');
INSERT INTO Measurements (measureID, waterIntake, hoursSlept, heightFeet, heightInches, weight, dayTrackerID) VALUES (4, 47.1, 3.7, 8, 9, 63.4, '59');
INSERT INTO Measurements (measureID, waterIntake, hoursSlept, heightFeet, heightInches, weight, dayTrackerID) VALUES (5, 141.1, 6.5, 6, 12, 163.5, '53');
INSERT INTO Measurements (measureID, waterIntake, hoursSlept, heightFeet, heightInches, weight, dayTrackerID) VALUES (6, 102.5, 11.1, 6, 0, 101.1, '22');
INSERT INTO Measurements (measureID, waterIntake, hoursSlept, heightFeet, heightInches, weight, dayTrackerID) VALUES (7, 32.9, 11.7, 4, 10, 223.2, '27');
INSERT INTO Measurements (measureID, waterIntake, hoursSlept, heightFeet, heightInches, weight, dayTrackerID) VALUES (8, 41.3, 7.1, 7, 9, 96.1, '49');
INSERT INTO Measurements (measureID, waterIntake, hoursSlept, heightFeet, heightInches, weight, dayTrackerID) VALUES (9, 71.0, 3.8, 4, 0, 64.8, '41');
INSERT INTO Measurements (measureID, waterIntake, hoursSlept, heightFeet, heightInches, weight, dayTrackerID) VALUES (10, 81.5, 10.7, 6, 0, 119.5, '21');
INSERT INTO Measurements (measureID, waterIntake, hoursSlept, heightFeet, heightInches, weight, dayTrackerID) VALUES (11, 102.3, 7.9, 8, 10, 102.0, '15');
INSERT INTO Measurements (measureID, waterIntake, hoursSlept, heightFeet, heightInches, weight, dayTrackerID) VALUES (12, 59.9, 10.4, 8, 8, 148.2, '16');
INSERT INTO Measurements (measureID, waterIntake, hoursSlept, heightFeet, heightInches, weight, dayTrackerID) VALUES (13, 50.7, 2.2, 6, 3, 119.5, '1');
INSERT INTO Measurements (measureID, waterIntake, hoursSlept, heightFeet, heightInches, weight, dayTrackerID) VALUES (14, 123.7, 8.9, 8, 1, 171.7, '56');
INSERT INTO Measurements (measureID, waterIntake, hoursSlept, heightFeet, heightInches, weight, dayTrackerID) VALUES (15, 110.5, 4.6, 8, 9, 265.0, '58');
INSERT INTO Measurements (measureID, waterIntake, hoursSlept, heightFeet, heightInches, weight, dayTrackerID) VALUES (16, 131.3, 7.5, 6, 0, 290.1, '18');
INSERT INTO Measurements (measureID, waterIntake, hoursSlept, heightFeet, heightInches, weight, dayTrackerID) VALUES (17, 42.5, 10.7, 7, 3, 72.6, '57');
INSERT INTO Measurements (measureID, waterIntake, hoursSlept, heightFeet, heightInches, weight, dayTrackerID) VALUES (18, 120.8, 5.0, 8, 7, 243.9, '2');
INSERT INTO Measurements (measureID, waterIntake, hoursSlept, heightFeet, heightInches, weight, dayTrackerID) VALUES (19, 101.1, 10.4, 8, 10, 180.6, '48');
INSERT INTO Measurements (measureID, waterIntake, hoursSlept, heightFeet, heightInches, weight, dayTrackerID) VALUES (20, 79.3, 0.9, 6, 10, 217.2, '52');
INSERT INTO Measurements (measureID, waterIntake, hoursSlept, heightFeet, heightInches, weight, dayTrackerID) VALUES (21, 51.2, 1.9, 6, 2, 246.6, '46');
INSERT INTO Measurements (measureID, waterIntake, hoursSlept, heightFeet, heightInches, weight, dayTrackerID) VALUES (22, 79.3, 5.9, 5, 3, 209.9, '3');
INSERT INTO Measurements (measureID, waterIntake, hoursSlept, heightFeet, heightInches, weight, dayTrackerID) VALUES (23, 105.3, 11.5, 8, 4, 287.0, '35');
INSERT INTO Measurements (measureID, waterIntake, hoursSlept, heightFeet, heightInches, weight, dayTrackerID) VALUES (24, 43.9, 3.6, 8, 10, 266.7, '60');
INSERT INTO Measurements (measureID, waterIntake, hoursSlept, heightFeet, heightInches, weight, dayTrackerID) VALUES (25, 117.8, 4.9, 8, 0, 279.2, '34');
INSERT INTO Measurements (measureID, waterIntake, hoursSlept, heightFeet, heightInches, weight, dayTrackerID) VALUES (26, 138.6, 11.0, 8, 1, 244.7, '39');
INSERT INTO Measurements (measureID, waterIntake, hoursSlept, heightFeet, heightInches, weight, dayTrackerID) VALUES (27, 58.4, 1.1, 5, 0, 168.0, '6');
INSERT INTO Measurements (measureID, waterIntake, hoursSlept, heightFeet, heightInches, weight, dayTrackerID) VALUES (28, 60.0, 8.7, 8, 5, 231.9, '4');
INSERT INTO Measurements (measureID, waterIntake, hoursSlept, heightFeet, heightInches, weight, dayTrackerID) VALUES (29, 103.5, 2.4, 8, 4, 193.6, '44');
INSERT INTO Measurements (measureID, waterIntake, hoursSlept, heightFeet, heightInches, weight, dayTrackerID) VALUES (30, 49.1, 6.9, 5, 3, 92.3, '9');
INSERT INTO Measurements (measureID, waterIntake, hoursSlept, heightFeet, heightInches, weight, dayTrackerID) VALUES (31, 119.9, 7.2, 4, 7, 250.0, '28');
INSERT INTO Measurements (measureID, waterIntake, hoursSlept, heightFeet, heightInches, weight, dayTrackerID) VALUES (32, 79.4, 2.9, 4, 1, 96.3, '36');
INSERT INTO Measurements (measureID, waterIntake, hoursSlept, heightFeet, heightInches, weight, dayTrackerID) VALUES (33, 146.8, 10.7, 5, 3, 180.8, '37');
INSERT INTO Measurements (measureID, waterIntake, hoursSlept, heightFeet, heightInches, weight, dayTrackerID) VALUES (34, 77.7, 10.5, 7, 11, 77.5, '31');
INSERT INTO Measurements (measureID, waterIntake, hoursSlept, heightFeet, heightInches, weight, dayTrackerID) VALUES (35, 74.7, 10.6, 5, 8, 156.5, '30');
INSERT INTO Measurements (measureID, waterIntake, hoursSlept, heightFeet, heightInches, weight, dayTrackerID) VALUES (36, 148.6, 4.0, 5, 4, 189.4, '17');
INSERT INTO Measurements (measureID, waterIntake, hoursSlept, heightFeet, heightInches, weight, dayTrackerID) VALUES (37, 113.4, 5.5, 7, 0, 206.1, '47');
INSERT INTO Measurements (measureID, waterIntake, hoursSlept, heightFeet, heightInches, weight, dayTrackerID) VALUES (38, 115.6, 3.2, 5, 7, 103.8, '42');
INSERT INTO Measurements (measureID, waterIntake, hoursSlept, heightFeet, heightInches, weight, dayTrackerID) VALUES (39, 81.4, 7.6, 4, 10, 101.5, '45');
INSERT INTO Measurements (measureID, waterIntake, hoursSlept, heightFeet, heightInches, weight, dayTrackerID) VALUES (40, 49.2, 1.6, 4, 5, 199.5, '23');
INSERT INTO Measurements (measureID, waterIntake, hoursSlept, heightFeet, heightInches, weight, dayTrackerID) VALUES (41, 38.7, 4.7, 5, 6, 266.7, '55');
INSERT INTO Measurements (measureID, waterIntake, hoursSlept, heightFeet, heightInches, weight, dayTrackerID) VALUES (42, 90.4, 3.3, 6, 11, 102.4, '29');
INSERT INTO Measurements (measureID, waterIntake, hoursSlept, heightFeet, heightInches, weight, dayTrackerID) VALUES (43, 86.9, 3.5, 5, 3, 167.0, '25');
INSERT INTO Measurements (measureID, waterIntake, hoursSlept, heightFeet, heightInches, weight, dayTrackerID) VALUES (44, 116.2, 9.9, 7, 5, 234.7, '40');
INSERT INTO Measurements (measureID, waterIntake, hoursSlept, heightFeet, heightInches, weight, dayTrackerID) VALUES (45, 95.2, 1.3, 7, 11, 263.0, '43');

INSERT INTO WorkoutTrackers (workoutID, timeDuration, caloriesBurnt, dayTrackerID) VALUES (1, 154, 688, '16');
INSERT INTO WorkoutTrackers (workoutID, timeDuration, caloriesBurnt, dayTrackerID) VALUES (2, 133, 5, '19');
INSERT INTO WorkoutTrackers (workoutID, timeDuration, caloriesBurnt, dayTrackerID) VALUES (3, 97, 318, '57');
INSERT INTO WorkoutTrackers (workoutID, timeDuration, caloriesBurnt, dayTrackerID) VALUES (4, 146, 702, '50');
INSERT INTO WorkoutTrackers (workoutID, timeDuration, caloriesBurnt, dayTrackerID) VALUES (5, 94, 566, '47');
INSERT INTO WorkoutTrackers (workoutID, timeDuration, caloriesBurnt, dayTrackerID) VALUES (6, 114, 377, '39');
INSERT INTO WorkoutTrackers (workoutID, timeDuration, caloriesBurnt, dayTrackerID) VALUES (7, 96, 783, '34');
INSERT INTO WorkoutTrackers (workoutID, timeDuration, caloriesBurnt, dayTrackerID) VALUES (8, 76, 459, '31');
INSERT INTO WorkoutTrackers (workoutID, timeDuration, caloriesBurnt, dayTrackerID) VALUES (9, 172, 45, '36');
INSERT INTO WorkoutTrackers (workoutID, timeDuration, caloriesBurnt, dayTrackerID) VALUES (10, 85, 369, '17');
INSERT INTO WorkoutTrackers (workoutID, timeDuration, caloriesBurnt, dayTrackerID) VALUES (11, 70, 766, '58');
INSERT INTO WorkoutTrackers (workoutID, timeDuration, caloriesBurnt, dayTrackerID) VALUES (12, 82, 485, '18');
INSERT INTO WorkoutTrackers (workoutID, timeDuration, caloriesBurnt, dayTrackerID) VALUES (13, 13, 872, '3');
INSERT INTO WorkoutTrackers (workoutID, timeDuration, caloriesBurnt, dayTrackerID) VALUES (14, 175, 877, '25');
INSERT INTO WorkoutTrackers (workoutID, timeDuration, caloriesBurnt, dayTrackerID) VALUES (15, 69, 486, '35');
INSERT INTO WorkoutTrackers (workoutID, timeDuration, caloriesBurnt, dayTrackerID) VALUES (16, 60, 127, '59');
INSERT INTO WorkoutTrackers (workoutID, timeDuration, caloriesBurnt, dayTrackerID) VALUES (17, 127, 301, '14');
INSERT INTO WorkoutTrackers (workoutID, timeDuration, caloriesBurnt, dayTrackerID) VALUES (18, 53, 850, '49');
INSERT INTO WorkoutTrackers (workoutID, timeDuration, caloriesBurnt, dayTrackerID) VALUES (19, 59, 805, '22');
INSERT INTO WorkoutTrackers (workoutID, timeDuration, caloriesBurnt, dayTrackerID) VALUES (20, 136, 161, '9');
INSERT INTO WorkoutTrackers (workoutID, timeDuration, caloriesBurnt, dayTrackerID) VALUES (21, 59, 226, '53');
INSERT INTO WorkoutTrackers (workoutID, timeDuration, caloriesBurnt, dayTrackerID) VALUES (22, 177, 218, '10');
INSERT INTO WorkoutTrackers (workoutID, timeDuration, caloriesBurnt, dayTrackerID) VALUES (23, 86, 483, '12');
INSERT INTO WorkoutTrackers (workoutID, timeDuration, caloriesBurnt, dayTrackerID) VALUES (24, 168, 335, '56');
INSERT INTO WorkoutTrackers (workoutID, timeDuration, caloriesBurnt, dayTrackerID) VALUES (25, 16, 405, '40');
INSERT INTO WorkoutTrackers (workoutID, timeDuration, caloriesBurnt, dayTrackerID) VALUES (26, 111, 857, '20');
INSERT INTO WorkoutTrackers (workoutID, timeDuration, caloriesBurnt, dayTrackerID) VALUES (27, 21, 204, '33');
INSERT INTO WorkoutTrackers (workoutID, timeDuration, caloriesBurnt, dayTrackerID) VALUES (28, 135, 473, '44');
INSERT INTO WorkoutTrackers (workoutID, timeDuration, caloriesBurnt, dayTrackerID) VALUES (29, 132, 715, '15');
INSERT INTO WorkoutTrackers (workoutID, timeDuration, caloriesBurnt, dayTrackerID) VALUES (30, 108, 413, '48');
INSERT INTO WorkoutTrackers (workoutID, timeDuration, caloriesBurnt, dayTrackerID) VALUES (31, 100, 732, '2');
INSERT INTO WorkoutTrackers (workoutID, timeDuration, caloriesBurnt, dayTrackerID) VALUES (32, 76, 402, '42');
INSERT INTO WorkoutTrackers (workoutID, timeDuration, caloriesBurnt, dayTrackerID) VALUES (33, 84, 989, '29');
INSERT INTO WorkoutTrackers (workoutID, timeDuration, caloriesBurnt, dayTrackerID) VALUES (34, 18, 631, '37');
INSERT INTO WorkoutTrackers (workoutID, timeDuration, caloriesBurnt, dayTrackerID) VALUES (35, 51, 803, '54');
INSERT INTO WorkoutTrackers (workoutID, timeDuration, caloriesBurnt, dayTrackerID) VALUES (36, 129, 882, '38');
INSERT INTO WorkoutTrackers (workoutID, timeDuration, caloriesBurnt, dayTrackerID) VALUES (37, 88, 130, '52');
INSERT INTO WorkoutTrackers (workoutID, timeDuration, caloriesBurnt, dayTrackerID) VALUES (38, 90, 360, '30');
INSERT INTO WorkoutTrackers (workoutID, timeDuration, caloriesBurnt, dayTrackerID) VALUES (39, 149, 544, '7');
INSERT INTO WorkoutTrackers (workoutID, timeDuration, caloriesBurnt, dayTrackerID) VALUES (40, 87, 450, '51');
INSERT INTO WorkoutTrackers (workoutID, timeDuration, caloriesBurnt, dayTrackerID) VALUES (41, 121, 583, '27');
INSERT INTO WorkoutTrackers (workoutID, timeDuration, caloriesBurnt, dayTrackerID) VALUES (42, 40, 786, '23');
INSERT INTO WorkoutTrackers (workoutID, timeDuration, caloriesBurnt, dayTrackerID) VALUES (43, 126, 232, '60');
INSERT INTO WorkoutTrackers (workoutID, timeDuration, caloriesBurnt, dayTrackerID) VALUES (44, 61, 262, '32');
INSERT INTO WorkoutTrackers (workoutID, timeDuration, caloriesBurnt, dayTrackerID) VALUES (45, 175, 440, '55');

INSERT INTO Routines (routineID, name, difficulty, timeDuration) VALUES (1, 'ab routine', 7.7, 116);
INSERT INTO Routines (routineID, name, difficulty, timeDuration) VALUES (2, 'ab routine', 1.0, 178);
INSERT INTO Routines (routineID, name, difficulty, timeDuration) VALUES (3, 'powerlifting', 5.0, 169);
INSERT INTO Routines (routineID, name, difficulty, timeDuration) VALUES (4, 'strong curves', 5.6, 123);
INSERT INTO Routines (routineID, name, difficulty, timeDuration) VALUES (5, 'phat', 3.5, 91);
INSERT INTO Routines (routineID, name, difficulty, timeDuration) VALUES (6, 'bodybuilding', 7.1, 92);
INSERT INTO Routines (routineID, name, difficulty, timeDuration) VALUES (7, 'phat', 9.5, 105);
INSERT INTO Routines (routineID, name, difficulty, timeDuration) VALUES (8, 'bodybuilding', 5.5, 106);
INSERT INTO Routines (routineID, name, difficulty, timeDuration) VALUES (9, 'ab routine', 7.4, 110);
INSERT INTO Routines (routineID, name, difficulty, timeDuration) VALUES (10, 'phat', 5.9, 99);
INSERT INTO Routines (routineID, name, difficulty, timeDuration) VALUES (11, 'ab routine', 8.1, 172);
INSERT INTO Routines (routineID, name, difficulty, timeDuration) VALUES (12, '531', 1.7, 66);
INSERT INTO Routines (routineID, name, difficulty, timeDuration) VALUES (13, 'powerlifting', 3.4, 61);
INSERT INTO Routines (routineID, name, difficulty, timeDuration) VALUES (14, 'phul', 6.8, 93);
INSERT INTO Routines (routineID, name, difficulty, timeDuration) VALUES (15, '531', 4.7, 33);
INSERT INTO Routines (routineID, name, difficulty, timeDuration) VALUES (16, 'phul', 2.4, 150);
INSERT INTO Routines (routineID, name, difficulty, timeDuration) VALUES (17, 'ab routine', 6.6, 147);
INSERT INTO Routines (routineID, name, difficulty, timeDuration) VALUES (18, 'bodybuilding', 4.9, 48);
INSERT INTO Routines (routineID, name, difficulty, timeDuration) VALUES (19, 'strong curves', 8.0, 48);
INSERT INTO Routines (routineID, name, difficulty, timeDuration) VALUES (20, 'powerlifting', 5.9, 159);
INSERT INTO Routines (routineID, name, difficulty, timeDuration) VALUES (21, 'strong curves', 4.8, 50);
INSERT INTO Routines (routineID, name, difficulty, timeDuration) VALUES (22, 'strong curves', 5.4, 171);
INSERT INTO Routines (routineID, name, difficulty, timeDuration) VALUES (23, 'bodybuilding', 6.6, 166);
INSERT INTO Routines (routineID, name, difficulty, timeDuration) VALUES (24, 'bodybuilding', 3.0, 80);
INSERT INTO Routines (routineID, name, difficulty, timeDuration) VALUES (25, 'powerlifting', 3.2, 21);
INSERT INTO Routines (routineID, name, difficulty, timeDuration) VALUES (26, 'strong curves', 5.9, 85);
INSERT INTO Routines (routineID, name, difficulty, timeDuration) VALUES (27, 'ab routine', 6.5, 29);
INSERT INTO Routines (routineID, name, difficulty, timeDuration) VALUES (28, 'powerlifting', 10.0, 57);
INSERT INTO Routines (routineID, name, difficulty, timeDuration) VALUES (29, 'bodybuilding', 6.2, 114);
INSERT INTO Routines (routineID, name, difficulty, timeDuration) VALUES (30, '531', 7.3, 78);
INSERT INTO Routines (routineID, name, difficulty, timeDuration) VALUES (31, 'strong curves', 1.1, 80);
INSERT INTO Routines (routineID, name, difficulty, timeDuration) VALUES (32, 'strong curves', 3.7, 11);
INSERT INTO Routines (routineID, name, difficulty, timeDuration) VALUES (33, 'powerlifting', 3.2, 173);
INSERT INTO Routines (routineID, name, difficulty, timeDuration) VALUES (34, 'phul', 8.2, 137);
INSERT INTO Routines (routineID, name, difficulty, timeDuration) VALUES (35, 'bodybuilding', 1.8, 159);
INSERT INTO Routines (routineID, name, difficulty, timeDuration) VALUES (36, 'phat', 5.1, 83);
INSERT INTO Routines (routineID, name, difficulty, timeDuration) VALUES (37, 'phat', 6.9, 21);
INSERT INTO Routines (routineID, name, difficulty, timeDuration) VALUES (38, 'ab routine', 7.1, 29);
INSERT INTO Routines (routineID, name, difficulty, timeDuration) VALUES (39, 'bodybuilding', 2.3, 104);
INSERT INTO Routines (routineID, name, difficulty, timeDuration) VALUES (40, 'ab routine', 3.7, 99);
INSERT INTO Routines (routineID, name, difficulty, timeDuration) VALUES (41, 'bodybuilding', 9.9, 114);
INSERT INTO Routines (routineID, name, difficulty, timeDuration) VALUES (42, 'phul', 5.8, 71);
INSERT INTO Routines (routineID, name, difficulty, timeDuration) VALUES (43, 'bodybuilding', 5.6, 154);
INSERT INTO Routines (routineID, name, difficulty, timeDuration) VALUES (44, '531', 3.1, 42);
INSERT INTO Routines (routineID, name, difficulty, timeDuration) VALUES (45, 'ab routine', 7.3, 71);

INSERT INTO Exercises (exerciseID, name, weight, reps, difficulty, equipment, targetArea) VALUES (1, 'leg extensions', 292, 3, 2.3, 'cable machine', 'hamstrings');
INSERT INTO Exercises (exerciseID, name, weight, reps, difficulty, equipment, targetArea) VALUES (2, 'deadlift', 285, 6, 3.9, 'barbell', 'abs');
INSERT INTO Exercises (exerciseID, name, weight, reps, difficulty, equipment, targetArea) VALUES (3, 'hip thrusts', 160, 1, 9.6, 'bench', 'lower back');
INSERT INTO Exercises (exerciseID, name, weight, reps, difficulty, equipment, targetArea) VALUES (4, 'leg extensions', 232, 8, 5.0, 'barbell', 'lower back');
INSERT INTO Exercises (exerciseID, name, weight, reps, difficulty, equipment, targetArea) VALUES (5, 'tricep extension', 175, 11, 8.9, 'bench', 'abs');
INSERT INTO Exercises (exerciseID, name, weight, reps, difficulty, equipment, targetArea) VALUES (6, 'lat pulldown', 97, 4, 7.1, 'squat rack', 'triceps');
INSERT INTO Exercises (exerciseID, name, weight, reps, difficulty, equipment, targetArea) VALUES (7, 'bicep curl', 152, 17, 4.6, 'dumbbells', 'triceps');
INSERT INTO Exercises (exerciseID, name, weight, reps, difficulty, equipment, targetArea) VALUES (8, 'overhead press', 211, 11, 1.9, 'squat rack', 'abs');
INSERT INTO Exercises (exerciseID, name, weight, reps, difficulty, equipment, targetArea) VALUES (9, 'bench press', 188, 19, 3.5, 'dumbbells', 'abs');
INSERT INTO Exercises (exerciseID, name, weight, reps, difficulty, equipment, targetArea) VALUES (10, 'leg extensions', 54, 2, 7.8, 'barbell', 'biceps');
INSERT INTO Exercises (exerciseID, name, weight, reps, difficulty, equipment, targetArea) VALUES (11, 'tricep extension', 120, 7, 4.0, 'cable machine', 'forearms');
INSERT INTO Exercises (exerciseID, name, weight, reps, difficulty, equipment, targetArea) VALUES (12, 'lat pulldown', 176, 9, 3.0, 'barbell', 'chest');
INSERT INTO Exercises (exerciseID, name, weight, reps, difficulty, equipment, targetArea) VALUES (13, 'bench press', 121, 5, 7.8, 'bench', 'upper back');
INSERT INTO Exercises (exerciseID, name, weight, reps, difficulty, equipment, targetArea) VALUES (14, 'bicep curl', 231, 5, 10.0, 'squat rack', 'calves');
INSERT INTO Exercises (exerciseID, name, weight, reps, difficulty, equipment, targetArea) VALUES (15, 'pullups', 251, 10, 3.8, 'cable machine', 'biceps');
INSERT INTO Exercises (exerciseID, name, weight, reps, difficulty, equipment, targetArea) VALUES (16, 'hip thrusts', 215, 15, 1.1, 'dumbbells', 'lower back');
INSERT INTO Exercises (exerciseID, name, weight, reps, difficulty, equipment, targetArea) VALUES (17, 'squat', 186, 5, 1.7, 'dumbbells', 'lower back');
INSERT INTO Exercises (exerciseID, name, weight, reps, difficulty, equipment, targetArea) VALUES (18, 'tricep extension', 215, 5, 8.9, 'dumbbells', 'calves');
INSERT INTO Exercises (exerciseID, name, weight, reps, difficulty, equipment, targetArea) VALUES (19, 'bicep curl', 162, 3, 5.5, 'dumbbells', 'biceps');
INSERT INTO Exercises (exerciseID, name, weight, reps, difficulty, equipment, targetArea) VALUES (20, 'leg curls', 65, 16, 4.3, 'dumbbells', 'abs');
INSERT INTO Exercises (exerciseID, name, weight, reps, difficulty, equipment, targetArea) VALUES (21, 'bicep curl', 295, 4, 4.3, 'squat rack', 'calves');
INSERT INTO Exercises (exerciseID, name, weight, reps, difficulty, equipment, targetArea) VALUES (22, 'overhead press', 157, 4, 5.7, 'barbell', 'hamstrings');
INSERT INTO Exercises (exerciseID, name, weight, reps, difficulty, equipment, targetArea) VALUES (23, 'bench press', 285, 20, 7.0, 'dumbbells', 'biceps');
INSERT INTO Exercises (exerciseID, name, weight, reps, difficulty, equipment, targetArea) VALUES (24, 'leg extensions', 117, 11, 5.2, 'dumbbells', 'chest');
INSERT INTO Exercises (exerciseID, name, weight, reps, difficulty, equipment, targetArea) VALUES (25, 'tricep extension', 126, 17, 4.7, 'cable machine', 'lower back');
INSERT INTO Exercises (exerciseID, name, weight, reps, difficulty, equipment, targetArea) VALUES (26, 'bench press', 182, 5, 4.2, 'dumbbells', 'hamstrings');
INSERT INTO Exercises (exerciseID, name, weight, reps, difficulty, equipment, targetArea) VALUES (27, 'leg extensions', 140, 10, 1.4, 'bench', 'lats');
INSERT INTO Exercises (exerciseID, name, weight, reps, difficulty, equipment, targetArea) VALUES (28, 'hip thrusts', 191, 12, 9.3, 'barbell', 'lower back');
INSERT INTO Exercises (exerciseID, name, weight, reps, difficulty, equipment, targetArea) VALUES (29, 'bench press', 235, 19, 9.9, 'cable machine', 'forearms');
INSERT INTO Exercises (exerciseID, name, weight, reps, difficulty, equipment, targetArea) VALUES (30, 'tricep extension', 267, 19, 10.0, 'bench', 'hamstrings');
INSERT INTO Exercises (exerciseID, name, weight, reps, difficulty, equipment, targetArea) VALUES (31, 'deadlift', 76, 19, 8.0, 'cable machine', 'hamstrings');
INSERT INTO Exercises (exerciseID, name, weight, reps, difficulty, equipment, targetArea) VALUES (32, 'bench press', 134, 12, 4.5, 'cable machine', 'abs');
INSERT INTO Exercises (exerciseID, name, weight, reps, difficulty, equipment, targetArea) VALUES (33, 'overhead press', 138, 11, 6.8, 'cable machine', 'upper back');
INSERT INTO Exercises (exerciseID, name, weight, reps, difficulty, equipment, targetArea) VALUES (34, 'overhead press', 297, 17, 1.2, 'bench', 'forearms');
INSERT INTO Exercises (exerciseID, name, weight, reps, difficulty, equipment, targetArea) VALUES (35, 'leg curls', 218, 10, 5.6, 'bench', 'lower back');
INSERT INTO Exercises (exerciseID, name, weight, reps, difficulty, equipment, targetArea) VALUES (36, 'leg curls', 218, 10, 7.4, 'cable machine', 'chest');
INSERT INTO Exercises (exerciseID, name, weight, reps, difficulty, equipment, targetArea) VALUES (37, 'bicep curl', 281, 10, 5.1, 'barbell', 'hamstrings');
INSERT INTO Exercises (exerciseID, name, weight, reps, difficulty, equipment, targetArea) VALUES (38, 'deadlift', 122, 8, 8.7, 'barbell', 'upper back');
INSERT INTO Exercises (exerciseID, name, weight, reps, difficulty, equipment, targetArea) VALUES (39, 'lat pulldown', 127, 3, 1.1, 'bench', 'lower back');
INSERT INTO Exercises (exerciseID, name, weight, reps, difficulty, equipment, targetArea) VALUES (40, 'pullups', 289, 13, 3.7, 'barbell', 'forearms');
INSERT INTO Exercises (exerciseID, name, weight, reps, difficulty, equipment, targetArea) VALUES (41, 'bicep curl', 215, 2, 9.9, 'bench', 'upper back');
INSERT INTO Exercises (exerciseID, name, weight, reps, difficulty, equipment, targetArea) VALUES (42, 'tricep extension', 193, 13, 2.4, 'dumbbells', 'upper back');
INSERT INTO Exercises (exerciseID, name, weight, reps, difficulty, equipment, targetArea) VALUES (43, 'overhead press', 112, 2, 6.7, 'cable machine', 'forearms');
INSERT INTO Exercises (exerciseID, name, weight, reps, difficulty, equipment, targetArea) VALUES (44, 'leg extensions', 131, 10, 3.4, 'barbell', 'lower back');
INSERT INTO Exercises (exerciseID, name, weight, reps, difficulty, equipment, targetArea) VALUES (45, 'overhead press', 134, 8, 1.7, 'barbell', 'hamstrings');

INSERT INTO MealTrackers (mealTrackerID, mealDateTime, dayTrackerID) VALUES (1, '2023-05-16 01:43:18', '19');
INSERT INTO MealTrackers (mealTrackerID, mealDateTime, dayTrackerID) VALUES (2, '2023-11-07 11:11:57', '23');
INSERT INTO MealTrackers (mealTrackerID, mealDateTime, dayTrackerID) VALUES (3, '2023-02-04 05:04:21', '48');
INSERT INTO MealTrackers (mealTrackerID, mealDateTime, dayTrackerID) VALUES (4, '2023-03-22 23:57:31', '50');
INSERT INTO MealTrackers (mealTrackerID, mealDateTime, dayTrackerID) VALUES (5, '2023-03-15 20:00:16', '56');
INSERT INTO MealTrackers (mealTrackerID, mealDateTime, dayTrackerID) VALUES (6, '2023-02-14 20:17:46', '44');
INSERT INTO MealTrackers (mealTrackerID, mealDateTime, dayTrackerID) VALUES (7, '2023-02-19 06:21:50', '31');
INSERT INTO MealTrackers (mealTrackerID, mealDateTime, dayTrackerID) VALUES (8, '2023-05-01 21:27:44', '60');
INSERT INTO MealTrackers (mealTrackerID, mealDateTime, dayTrackerID) VALUES (9, '2023-01-30 13:12:03', '2');
INSERT INTO MealTrackers (mealTrackerID, mealDateTime, dayTrackerID) VALUES (10, '2023-06-03 09:54:57', '57');
INSERT INTO MealTrackers (mealTrackerID, mealDateTime, dayTrackerID) VALUES (11, '2023-10-04 07:39:26', '51');
INSERT INTO MealTrackers (mealTrackerID, mealDateTime, dayTrackerID) VALUES (12, '2023-09-17 15:49:35', '35');
INSERT INTO MealTrackers (mealTrackerID, mealDateTime, dayTrackerID) VALUES (13, '2023-01-11 21:48:01', '20');
INSERT INTO MealTrackers (mealTrackerID, mealDateTime, dayTrackerID) VALUES (14, '2023-02-05 02:54:57', '7');
INSERT INTO MealTrackers (mealTrackerID, mealDateTime, dayTrackerID) VALUES (15, '2023-07-30 09:47:46', '18');
INSERT INTO MealTrackers (mealTrackerID, mealDateTime, dayTrackerID) VALUES (16, '2023-03-04 01:00:13', '39');
INSERT INTO MealTrackers (mealTrackerID, mealDateTime, dayTrackerID) VALUES (17, '2023-10-20 03:57:22', '32');
INSERT INTO MealTrackers (mealTrackerID, mealDateTime, dayTrackerID) VALUES (18, '2023-09-21 09:34:43', '38');
INSERT INTO MealTrackers (mealTrackerID, mealDateTime, dayTrackerID) VALUES (19, '2023-04-28 08:58:52', '22');
INSERT INTO MealTrackers (mealTrackerID, mealDateTime, dayTrackerID) VALUES (20, '2023-08-31 15:16:14', '15');
INSERT INTO MealTrackers (mealTrackerID, mealDateTime, dayTrackerID) VALUES (21, '2023-08-17 01:25:51', '49');
INSERT INTO MealTrackers (mealTrackerID, mealDateTime, dayTrackerID) VALUES (22, '2023-01-08 14:13:57', '4');
INSERT INTO MealTrackers (mealTrackerID, mealDateTime, dayTrackerID) VALUES (23, '2023-01-27 21:33:37', '29');
INSERT INTO MealTrackers (mealTrackerID, mealDateTime, dayTrackerID) VALUES (24, '2023-04-08 09:44:37', '58');
INSERT INTO MealTrackers (mealTrackerID, mealDateTime, dayTrackerID) VALUES (25, '2023-06-17 05:11:00', '12');
INSERT INTO MealTrackers (mealTrackerID, mealDateTime, dayTrackerID) VALUES (26, '2023-01-03 01:28:30', '40');
INSERT INTO MealTrackers (mealTrackerID, mealDateTime, dayTrackerID) VALUES (27, '2023-09-10 06:33:55', '36');
INSERT INTO MealTrackers (mealTrackerID, mealDateTime, dayTrackerID) VALUES (28, '2023-02-23 22:48:34', '27');
INSERT INTO MealTrackers (mealTrackerID, mealDateTime, dayTrackerID) VALUES (29, '2023-06-28 13:26:43', '33');
INSERT INTO MealTrackers (mealTrackerID, mealDateTime, dayTrackerID) VALUES (30, '2023-10-26 03:30:59', '8');
INSERT INTO MealTrackers (mealTrackerID, mealDateTime, dayTrackerID) VALUES (31, '2023-08-21 14:10:54', '14');
INSERT INTO MealTrackers (mealTrackerID, mealDateTime, dayTrackerID) VALUES (32, '2023-04-17 18:43:39', '28');
INSERT INTO MealTrackers (mealTrackerID, mealDateTime, dayTrackerID) VALUES (33, '2023-05-16 06:12:21', '46');
INSERT INTO MealTrackers (mealTrackerID, mealDateTime, dayTrackerID) VALUES (34, '2023-05-21 00:56:50', '42');
INSERT INTO MealTrackers (mealTrackerID, mealDateTime, dayTrackerID) VALUES (35, '2023-03-18 01:35:25', '26');
INSERT INTO MealTrackers (mealTrackerID, mealDateTime, dayTrackerID) VALUES (36, '2023-06-05 09:53:21', '6');
INSERT INTO MealTrackers (mealTrackerID, mealDateTime, dayTrackerID) VALUES (37, '2023-08-03 05:10:26', '16');
INSERT INTO MealTrackers (mealTrackerID, mealDateTime, dayTrackerID) VALUES (38, '2023-02-07 06:54:10', '43');
INSERT INTO MealTrackers (mealTrackerID, mealDateTime, dayTrackerID) VALUES (39, '2022-12-16 01:29:31', '24');
INSERT INTO MealTrackers (mealTrackerID, mealDateTime, dayTrackerID) VALUES (40, '2023-08-15 23:49:26', '9');
INSERT INTO MealTrackers (mealTrackerID, mealDateTime, dayTrackerID) VALUES (41, '2023-01-03 23:10:32', '21');
INSERT INTO MealTrackers (mealTrackerID, mealDateTime, dayTrackerID) VALUES (42, '2023-01-24 17:55:58', '54');
INSERT INTO MealTrackers (mealTrackerID, mealDateTime, dayTrackerID) VALUES (43, '2023-01-23 04:55:39', '59');
INSERT INTO MealTrackers (mealTrackerID, mealDateTime, dayTrackerID) VALUES (44, '2023-03-29 09:57:04', '10');
INSERT INTO MealTrackers (mealTrackerID, mealDateTime, dayTrackerID) VALUES (45, '2023-08-19 23:46:19', '53');

INSERT INTO Meals (mealID, name, calories, isVegan, mealTrackerID) VALUES (1, 'eget', 1767, true, '6');
INSERT INTO Meals (mealID, name, calories, isVegan, mealTrackerID) VALUES (2, 'interdum eu', 1957, false, '10');
INSERT INTO Meals (mealID, name, calories, isVegan, mealTrackerID) VALUES (3, 'vulputate ut', 954, true, '16');
INSERT INTO Meals (mealID, name, calories, isVegan, mealTrackerID) VALUES (4, 'iaculis justo', 421, false, '22');
INSERT INTO Meals (mealID, name, calories, isVegan, mealTrackerID) VALUES (5, 'arcu', 1395, true, '9');
INSERT INTO Meals (mealID, name, calories, isVegan, mealTrackerID) VALUES (6, 'nullam varius nulla', 631, false, '31');
INSERT INTO Meals (mealID, name, calories, isVegan, mealTrackerID) VALUES (7, 'vestibulum sit', 1753, true, '33');
INSERT INTO Meals (mealID, name, calories, isVegan, mealTrackerID) VALUES (8, 'vestibulum eget', 806, false, '5');
INSERT INTO Meals (mealID, name, calories, isVegan, mealTrackerID) VALUES (9, 'turpis donec', 676, true, '23');
INSERT INTO Meals (mealID, name, calories, isVegan, mealTrackerID) VALUES (10, 'consectetuer eget rutrum', 210, false, '1');
INSERT INTO Meals (mealID, name, calories, isVegan, mealTrackerID) VALUES (11, 'sed', 779, true, '14');
INSERT INTO Meals (mealID, name, calories, isVegan, mealTrackerID) VALUES (12, 'sapien iaculis', 1207, false, '30');
INSERT INTO Meals (mealID, name, calories, isVegan, mealTrackerID) VALUES (13, 'urna pretium nisl', 285, false, '19');
INSERT INTO Meals (mealID, name, calories, isVegan, mealTrackerID) VALUES (14, 'nibh fusce lacus', 1415, false, '13');
INSERT INTO Meals (mealID, name, calories, isVegan, mealTrackerID) VALUES (15, 'praesent lectus vestibulum', 80, false, '4');
INSERT INTO Meals (mealID, name, calories, isVegan, mealTrackerID) VALUES (16, 'sit amet', 735, true, '27');
INSERT INTO Meals (mealID, name, calories, isVegan, mealTrackerID) VALUES (17, 'sed lacus morbi', 178, false, '12');
INSERT INTO Meals (mealID, name, calories, isVegan, mealTrackerID) VALUES (18, 'dui vel', 249, true, '34');
INSERT INTO Meals (mealID, name, calories, isVegan, mealTrackerID) VALUES (19, 'nam', 1324, false, '25');
INSERT INTO Meals (mealID, name, calories, isVegan, mealTrackerID) VALUES (20, 'ac', 811, false, '21');
INSERT INTO Meals (mealID, name, calories, isVegan, mealTrackerID) VALUES (21, 'sapien in sapien', 828, true, '41');
INSERT INTO Meals (mealID, name, calories, isVegan, mealTrackerID) VALUES (22, 'velit id', 1338, false, '11');
INSERT INTO Meals (mealID, name, calories, isVegan, mealTrackerID) VALUES (23, 'velit', 904, false, '26');
INSERT INTO Meals (mealID, name, calories, isVegan, mealTrackerID) VALUES (24, 'cubilia curae', 1637, false, '36');
INSERT INTO Meals (mealID, name, calories, isVegan, mealTrackerID) VALUES (25, 'sapien', 1490, true, '40');
INSERT INTO Meals (mealID, name, calories, isVegan, mealTrackerID) VALUES (26, 'iaculis', 1180, false, '39');
INSERT INTO Meals (mealID, name, calories, isVegan, mealTrackerID) VALUES (27, 'lacus at turpis', 50, true, '37');
INSERT INTO Meals (mealID, name, calories, isVegan, mealTrackerID) VALUES (28, 'malesuada in imperdiet', 879, true, '15');
INSERT INTO Meals (mealID, name, calories, isVegan, mealTrackerID) VALUES (29, 'nisl', 1020, false, '2');
INSERT INTO Meals (mealID, name, calories, isVegan, mealTrackerID) VALUES (30, 'vel ipsum', 504, false, '20');
INSERT INTO Meals (mealID, name, calories, isVegan, mealTrackerID) VALUES (31, 'eu magna vulputate', 391, false, '32');
INSERT INTO Meals (mealID, name, calories, isVegan, mealTrackerID) VALUES (32, 'lorem', 1278, true, '24');
INSERT INTO Meals (mealID, name, calories, isVegan, mealTrackerID) VALUES (33, 'velit', 794, false, '8');
INSERT INTO Meals (mealID, name, calories, isVegan, mealTrackerID) VALUES (34, 'varius integer', 1246, true, '43');
INSERT INTO Meals (mealID, name, calories, isVegan, mealTrackerID) VALUES (35, 'potenti in eleifend', 123, false, '42');
INSERT INTO Meals (mealID, name, calories, isVegan, mealTrackerID) VALUES (36, 'ipsum primis in', 1527, true, '44');
INSERT INTO Meals (mealID, name, calories, isVegan, mealTrackerID) VALUES (37, 'odio odio elementum', 1787, true, '7');
INSERT INTO Meals (mealID, name, calories, isVegan, mealTrackerID) VALUES (38, 'cubilia', 1729, true, '17');
INSERT INTO Meals (mealID, name, calories, isVegan, mealTrackerID) VALUES (39, 'ipsum dolor', 536, true, '29');
INSERT INTO Meals (mealID, name, calories, isVegan, mealTrackerID) VALUES (40, 'eget congue', 315, true, '35');
INSERT INTO Meals (mealID, name, calories, isVegan, mealTrackerID) VALUES (41, 'leo', 848, false, '38');
INSERT INTO Meals (mealID, name, calories, isVegan, mealTrackerID) VALUES (42, 'id pretium', 162, true, '28');
INSERT INTO Meals (mealID, name, calories, isVegan, mealTrackerID) VALUES (43, 'at feugiat', 222, true, '45');
INSERT INTO Meals (mealID, name, calories, isVegan, mealTrackerID) VALUES (44, 'quam fringilla rhoncus', 1234, false, '18');
INSERT INTO Meals (mealID, name, calories, isVegan, mealTrackerID) VALUES (45, 'nibh in', 283, true, '3');

INSERT INTO Ingredients (ingredientID, name, price, calories, quantity, isVegan) VALUES (1, 'Willamette Fleabane', 81.4, 387, 30, false);
INSERT INTO Ingredients (ingredientID, name, price, calories, quantity, isVegan) VALUES (2, 'New Mexico Xanthoparmelia Lichen', 51.48, 386, 44, true);
INSERT INTO Ingredients (ingredientID, name, price, calories, quantity, isVegan) VALUES (3, 'Rimmed Lichen', 6.34, 281, 46, false);
INSERT INTO Ingredients (ingredientID, name, price, calories, quantity, isVegan) VALUES (4, 'Wart Lichen', 72.03, 116, 7, false);
INSERT INTO Ingredients (ingredientID, name, price, calories, quantity, isVegan) VALUES (5, 'Kodomillet', 91.34, 395, 40, false);
INSERT INTO Ingredients (ingredientID, name, price, calories, quantity, isVegan) VALUES (6, 'Darrow''s Flavopunctelia Lichen', 45.32, 496, 43, true);
INSERT INTO Ingredients (ingredientID, name, price, calories, quantity, isVegan) VALUES (7, 'False Foxglove', 79.01, 429, 46, true);
INSERT INTO Ingredients (ingredientID, name, price, calories, quantity, isVegan) VALUES (8, 'False Fanpetals', 32.87, 255, 23, true);
INSERT INTO Ingredients (ingredientID, name, price, calories, quantity, isVegan) VALUES (9, 'Geyer Willow', 30.04, 84, 20, false);
INSERT INTO Ingredients (ingredientID, name, price, calories, quantity, isVegan) VALUES (10, 'Field Sagewort', 80.94, 244, 19, true);
INSERT INTO Ingredients (ingredientID, name, price, calories, quantity, isVegan) VALUES (11, 'Abajo Fleabane', 79.3, 208, 42, false);
INSERT INTO Ingredients (ingredientID, name, price, calories, quantity, isVegan) VALUES (12, 'Sacramento Burbark', 19.36, 310, 49, true);
INSERT INTO Ingredients (ingredientID, name, price, calories, quantity, isVegan) VALUES (13, 'Pacific Anemone', 93.42, 406, 7, true);
INSERT INTO Ingredients (ingredientID, name, price, calories, quantity, isVegan) VALUES (14, 'Rocky Mountain Fringed Gentian', 66.6, 214, 11, true);
INSERT INTO Ingredients (ingredientID, name, price, calories, quantity, isVegan) VALUES (15, 'Seaweed Lichen', 93.44, 460, 30, false);
INSERT INTO Ingredients (ingredientID, name, price, calories, quantity, isVegan) VALUES (16, 'Cronquist''s Fleabane', 85.44, 299, 1, false);
INSERT INTO Ingredients (ingredientID, name, price, calories, quantity, isVegan) VALUES (17, 'Hermit Milkvetch', 47.13, 235, 4, true);
INSERT INTO Ingredients (ingredientID, name, price, calories, quantity, isVegan) VALUES (18, 'Fragrant Dutchman''s Pipe', 99.05, 408, 46, false);
INSERT INTO Ingredients (ingredientID, name, price, calories, quantity, isVegan) VALUES (19, 'White Vervain', 72.47, 76, 31, false);
INSERT INTO Ingredients (ingredientID, name, price, calories, quantity, isVegan) VALUES (20, 'Least Duckweed', 75.24, 372, 29, false);
INSERT INTO Ingredients (ingredientID, name, price, calories, quantity, isVegan) VALUES (21, 'Hygrohypnum Moss', 57.61, 222, 42, true);
INSERT INTO Ingredients (ingredientID, name, price, calories, quantity, isVegan) VALUES (22, 'Piedmont Breadroot', 80.92, 238, 21, false);
INSERT INTO Ingredients (ingredientID, name, price, calories, quantity, isVegan) VALUES (23, 'Yellow Nutsedge', 47.21, 305, 9, false);
INSERT INTO Ingredients (ingredientID, name, price, calories, quantity, isVegan) VALUES (24, 'Hall''s California Tea', 9.53, 385, 37, true);
INSERT INTO Ingredients (ingredientID, name, price, calories, quantity, isVegan) VALUES (25, 'Melaspilea Lichen', 68.44, 270, 24, true);
INSERT INTO Ingredients (ingredientID, name, price, calories, quantity, isVegan) VALUES (26, 'Fellfield Whitlowgrass', 6.26, 493, 17, false);
INSERT INTO Ingredients (ingredientID, name, price, calories, quantity, isVegan) VALUES (27, 'Oriental Virginsbower', 7.08, 287, 38, false);
INSERT INTO Ingredients (ingredientID, name, price, calories, quantity, isVegan) VALUES (28, 'Aleutian Saxifrage', 24.51, 424, 10, false);
INSERT INTO Ingredients (ingredientID, name, price, calories, quantity, isVegan) VALUES (29, 'Sand Buckwheat', 22.19, 59, 20, true);
INSERT INTO Ingredients (ingredientID, name, price, calories, quantity, isVegan) VALUES (30, 'Blandow''s Helodium Moss', 47.78, 146, 30, true);
INSERT INTO Ingredients (ingredientID, name, price, calories, quantity, isVegan) VALUES (31, 'Lesser Pond Sedge', 17.47, 81, 19, false);
INSERT INTO Ingredients (ingredientID, name, price, calories, quantity, isVegan) VALUES (32, 'Tall Bluebells', 64.76, 416, 40, false);
INSERT INTO Ingredients (ingredientID, name, price, calories, quantity, isVegan) VALUES (33, 'Trypelthelium Lichen', 70.25, 297, 5, true);
INSERT INTO Ingredients (ingredientID, name, price, calories, quantity, isVegan) VALUES (34, 'Astomum Moss', 18.38, 397, 42, false);
INSERT INTO Ingredients (ingredientID, name, price, calories, quantity, isVegan) VALUES (35, 'Hardham''s Evening Primrose', 73.3, 170, 37, false);
INSERT INTO Ingredients (ingredientID, name, price, calories, quantity, isVegan) VALUES (36, 'Alpine Besseya', 33.24, 486, 46, true);
INSERT INTO Ingredients (ingredientID, name, price, calories, quantity, isVegan) VALUES (37, 'Lomagramma', 34.38, 93, 16, false);
INSERT INTO Ingredients (ingredientID, name, price, calories, quantity, isVegan) VALUES (38, 'Rio Grande Bugheal', 33.14, 230, 27, false);
INSERT INTO Ingredients (ingredientID, name, price, calories, quantity, isVegan) VALUES (39, 'Graham''s Willow', 61.05, 367, 24, true);
INSERT INTO Ingredients (ingredientID, name, price, calories, quantity, isVegan) VALUES (40, 'Schweinitz''s Dotted Lichen', 2.21, 262, 17, false);
INSERT INTO Ingredients (ingredientID, name, price, calories, quantity, isVegan) VALUES (41, 'Myriotrema Lichen', 65.51, 334, 25, true);
INSERT INTO Ingredients (ingredientID, name, price, calories, quantity, isVegan) VALUES (42, 'Alpine Dustymaiden', 3.77, 201, 15, true);
INSERT INTO Ingredients (ingredientID, name, price, calories, quantity, isVegan) VALUES (43, 'Compact Pseudoleskea Moss', 1.66, 97, 32, false);
INSERT INTO Ingredients (ingredientID, name, price, calories, quantity, isVegan) VALUES (44, 'Eastwood''s Sandwort', 37.38, 399, 5, false);
INSERT INTO Ingredients (ingredientID, name, price, calories, quantity, isVegan) VALUES (45, 'Fragrant Orchid', 22.83, 301, 39, false);

INSERT INTO Stores (storeID, name, rating, street, city, zip, country) VALUES (1, 'Piggly Wiggly', 1.5, '1 Prentice Crossing', 'Palopo', null, 'Indonesia');
INSERT INTO Stores (storeID, name, rating, street, city, zip, country) VALUES (2, 'Piggly Wiggly', 7.7, '55573 Northwestern Terrace', 'Pucn', null, 'Chile');
INSERT INTO Stores (storeID, name, rating, street, city, zip, country) VALUES (3, 'ShopRite', 3.3, '64 Debs Junction', 'Valencia', '46005', 'Spain');
INSERT INTO Stores (storeID, name, rating, street, city, zip, country) VALUES (4, 'Meijer', 7.0, '14500 Homewood Center', 'Wieniawa', '26-432', 'Poland');
INSERT INTO Stores (storeID, name, rating, street, city, zip, country) VALUES (5, 'Smart & Final', 8.9, '2 Ridgeway Drive', 'Artybash', '649154', 'Russia');
INSERT INTO Stores (storeID, name, rating, street, city, zip, country) VALUES (6, 'Trader Joe''s', 6.2, '3219 Corscot Point', 'Na Yong', '92170', 'Thailand');
INSERT INTO Stores (storeID, name, rating, street, city, zip, country) VALUES (7, 'Rouses Market', 7.5, '86 Pleasure Circle', 'Al Khawkhah', null, 'Yemen');
INSERT INTO Stores (storeID, name, rating, street, city, zip, country) VALUES (8, 'Kroger', 2.4, '6366 Sage Way', 'Lule', '972 42', 'Sweden');
INSERT INTO Stores (storeID, name, rating, street, city, zip, country) VALUES (9, 'Sprouts Farmers Market', 4.1, '89064 Union Pass', 'Kashin', '171649', 'Russia');
INSERT INTO Stores (storeID, name, rating, street, city, zip, country) VALUES (10, 'Ray''s Food Place', 8.3, '721 Badeau Parkway', 'Suya', null, 'Nigeria');
INSERT INTO Stores (storeID, name, rating, street, city, zip, country) VALUES (11, 'Bashas''', 1.3, '42 Westport Avenue', 'Kota Kinabalu', '88778', 'Malaysia');
INSERT INTO Stores (storeID, name, rating, street, city, zip, country) VALUES (12, 'Raley''s', 6.8, '61 Lillian Hill', 'Kribi', null, 'Cameroon');
INSERT INTO Stores (storeID, name, rating, street, city, zip, country) VALUES (13, 'ShopRite', 9.6, '50 Lake View Plaza', 'Sajur', null, 'Israel');
INSERT INTO Stores (storeID, name, rating, street, city, zip, country) VALUES (14, 'Gelson''s Markets', 4.0, '47 Eagle Crest Road', 'Santa Catalina', null, 'Uruguay');
INSERT INTO Stores (storeID, name, rating, street, city, zip, country) VALUES (15, 'Target (with grocery section)', 8.3, '63474 Cherokee Center', 'Valjevo', null, 'Serbia');
INSERT INTO Stores (storeID, name, rating, street, city, zip, country) VALUES (16, 'Fare & Square', 3.0, '32489 Hollow Ridge Way', 'Chiduo', null, 'China');
INSERT INTO Stores (storeID, name, rating, street, city, zip, country) VALUES (17, 'Fare & Square', 4.6, '41932 Fulton Way', 'Daliu', null, 'China');
INSERT INTO Stores (storeID, name, rating, street, city, zip, country) VALUES (18, 'Trader Joe''s', 3.2, '62 Heffernan Park', 'Aravisss', null, 'Greece');
INSERT INTO Stores (storeID, name, rating, street, city, zip, country) VALUES (19, 'Price Chopper', 3.9, '074 Welch Street', 'Setono', null, 'Indonesia');
INSERT INTO Stores (storeID, name, rating, street, city, zip, country) VALUES (20, '7-Eleven (convenience store with food items)', 2.0, '7 Buena Vista Point', 'Kuliyapitiya', '60200', 'Sri Lanka');
INSERT INTO Stores (storeID, name, rating, street, city, zip, country) VALUES (21, 'Trader Joe''s', 9.4, '064 Hovde Junction', 'Upper San Mateo', '9406', 'Philippines');
INSERT INTO Stores (storeID, name, rating, street, city, zip, country) VALUES (22, 'Bashas''', 1.6, '17453 Fallview Place', 'Bambari', null, 'Central African Republic');
INSERT INTO Stores (storeID, name, rating, street, city, zip, country) VALUES (23, 'Raley''s', 9.0, '4 Jenifer Alley', 'Cacocum', null, 'Cuba');
INSERT INTO Stores (storeID, name, rating, street, city, zip, country) VALUES (24, 'Raley''s', 7.3, '55844 Eastwood Alley', 'Stockholm', '103 83', 'Sweden');
INSERT INTO Stores (storeID, name, rating, street, city, zip, country) VALUES (25, 'Piggly Wiggly', 2.6, '714 Spenser Court', 'Murcia', '30010', 'Spain');
INSERT INTO Stores (storeID, name, rating, street, city, zip, country) VALUES (26, 'Piggly Wiggly', 4.1, '7196 Namekagon Crossing', 'Chixi', null, 'China');
INSERT INTO Stores (storeID, name, rating, street, city, zip, country) VALUES (27, 'La Michoacana Meat Market', 9.6, '745 Anhalt Drive', 'Nyzhni Petrivtsi', null, 'Ukraine');
INSERT INTO Stores (storeID, name, rating, street, city, zip, country) VALUES (28, 'Market Basket', 4.3, '45613 Hallows Hill', 'Bagrami', null, 'Afghanistan');
INSERT INTO Stores (storeID, name, rating, street, city, zip, country) VALUES (29, 'Food Lion', 9.8, '0 Forest Dale Pass', 'Port Nolloth', '8284', 'South Africa');
INSERT INTO Stores (storeID, name, rating, street, city, zip, country) VALUES (30, 'Target (with grocery section)', 5.1, '1 Toban Terrace', 'Senangkhanikhom', '10290', 'Thailand');
INSERT INTO Stores (storeID, name, rating, street, city, zip, country) VALUES (31, 'Key Food', 10.0, '307 Oxford Alley', 'Kissimmee', '34745', 'United States');
INSERT INTO Stores (storeID, name, rating, street, city, zip, country) VALUES (32, 'Bashas''', 1.9, '3298 Sunbrook Place', 'Boston', '02298', 'United States');
INSERT INTO Stores (storeID, name, rating, street, city, zip, country) VALUES (33, 'Ralphs', 8.5, '29 Evergreen Drive', 'Chatuchak', '64180', 'Thailand');
INSERT INTO Stores (storeID, name, rating, street, city, zip, country) VALUES (34, 'Vallarta Supermarkets', 9.0, '776 Oxford Terrace', 'Kalatongke', null, 'China');
INSERT INTO Stores (storeID, name, rating, street, city, zip, country) VALUES (35, 'Smart & Final', 8.9, '6752 Homewood Way', 'Akure', null, 'Nigeria');
INSERT INTO Stores (storeID, name, rating, street, city, zip, country) VALUES (36, 'Albertsons', 9.8, '4235 Barnett Court', 'Cashel', 'E25', 'Ireland');
INSERT INTO Stores (storeID, name, rating, street, city, zip, country) VALUES (37, 'Target (with grocery section)', 1.1, '87149 Sommers Circle', 'Pancan', null, 'Peru');
INSERT INTO Stores (storeID, name, rating, street, city, zip, country) VALUES (38, 'Whole Foods Market', 2.3, '994 Coleman Trail', 'Governors Harbour', null, 'Bahamas');
INSERT INTO Stores (storeID, name, rating, street, city, zip, country) VALUES (39, '7-Eleven (convenience store with food items)', 9.8, '04 Kenwood Hill', 'Kalebun', null, 'Indonesia');
INSERT INTO Stores (storeID, name, rating, street, city, zip, country) VALUES (40, 'Market Basket', 4.7, '6023 Sachs Court', 'Fengle', null, 'China');
INSERT INTO Stores (storeID, name, rating, street, city, zip, country) VALUES (41, 'Giant Food', 6.9, '57 Acker Court', 'Acarigua', null, 'Venezuela');
INSERT INTO Stores (storeID, name, rating, street, city, zip, country) VALUES (42, 'Harmons', 3.0, '667 Nancy Alley', 'Longquan', null, 'China');
INSERT INTO Stores (storeID, name, rating, street, city, zip, country) VALUES (43, 'Harmons', 8.0, '5372 Butternut Park', 'Kumla', '692 24', 'Sweden');
INSERT INTO Stores (storeID, name, rating, street, city, zip, country) VALUES (44, 'Harmons', 2.3, '6 Green Pass', 'Yisa', null, 'China');
INSERT INTO Stores (storeID, name, rating, street, city, zip, country) VALUES (45, 'Market Basket', 3.0, '6 Dawn Trail', 'Bheramara', '7042', 'Bangladesh');

INSERT INTO Recipes (recipeID, name, rating, servingSize, allergens, calories, timeToMake, steps, isVegan) VALUES (1, 'consequat nulla nisl', 8.8, 2, 'Ratwood', 1112, 31, 'Nam nulla. Integer pede justo, lacinia eget, tincidunt eget, tempus vel, pede.', false);
INSERT INTO Recipes (recipeID, name, rating, servingSize, allergens, calories, timeToMake, steps, isVegan) VALUES (2, 'mollis molestie lorem', 1.4, 2, 'Nettleleaf Goosefoot', 374, 23, 'Fusce consequat. Nulla nisl. Nunc nisl. Duis bibendum, felis sed interdum venenatis, turpis enim blandit mi, in porttitor pede justo eu massa. Donec dapibus. Duis at velit eu est congue elementum.', true);
INSERT INTO Recipes (recipeID, name, rating, servingSize, allergens, calories, timeToMake, steps, isVegan) VALUES (3, 'vestibulum', 6.3, 3, 'Crisped Thelypody', 1504, 33, 'Vivamus vel nulla eget eros elementum pellentesque. Quisque porta volutpat erat. Quisque erat eros, viverra eget, congue eget, semper rutrum, nulla. Nunc purus. Phasellus in felis. Donec semper sapien a libero. Nam dui. Proin leo odio, porttitor id, consequat in, consequat ut, nulla. Sed accumsan felis.', false);
INSERT INTO Recipes (recipeID, name, rating, servingSize, allergens, calories, timeToMake, steps, isVegan) VALUES (4, 'ultrices posuere cubilia', 1.4, 2, 'Ravenfoot Sedge', 241, 33, 'Cras in purus eu magna vulputate luctus. Cum sociis natoque penatibus et magnis dis parturient montes, nascetur ridiculus mus. Vivamus vestibulum sagittis sapien. Cum sociis natoque penatibus et magnis dis parturient montes, nascetur ridiculus mus. Etiam vel augue. Vestibulum rutrum rutrum neque.', true);
INSERT INTO Recipes (recipeID, name, rating, servingSize, allergens, calories, timeToMake, steps, isVegan) VALUES (5, 'ultrices mattis odio', 6.9, 1, 'Missouri Blackberry', 867, 50, 'Integer tincidunt ante vel ipsum. Praesent blandit lacinia erat. Vestibulum sed magna at nunc commodo placerat. Praesent blandit. Nam nulla. Integer pede justo, lacinia eget, tincidunt eget, tempus vel, pede. Morbi porttitor lorem id ligula. Suspendisse ornare consequat lectus.', false);
INSERT INTO Recipes (recipeID, name, rating, servingSize, allergens, calories, timeToMake, steps, isVegan) VALUES (6, 'dictumst', 4.2, 5, 'Loosehead Beaksedge', 667, 25, 'Integer pede justo, lacinia eget, tincidunt eget, tempus vel, pede. Morbi porttitor lorem id ligula. Suspendisse ornare consequat lectus. In est risus, auctor sed, tristique in, tempus sit amet, sem. Fusce consequat. Nulla nisl.', false);
INSERT INTO Recipes (recipeID, name, rating, servingSize, allergens, calories, timeToMake, steps, isVegan) VALUES (7, 'placerat praesent blandit', 9.7, 2, 'Nardoo', 1141, 39, 'Vestibulum ante ipsum primis in faucibus orci luctus et ultrices posuere cubilia Curae; Donec pharetra, magna vestibulum aliquet ultrices, erat tortor sollicitudin mi, sit amet lobortis sapien sapien non mi. Integer ac neque. Duis bibendum. Morbi non quam nec dui luctus rutrum. Nulla tellus. In sagittis dui vel nisl. Duis ac nibh. Fusce lacus purus, aliquet at, feugiat non, pretium quis, lectus. Suspendisse potenti. In eleifend quam a odio.', true);
INSERT INTO Recipes (recipeID, name, rating, servingSize, allergens, calories, timeToMake, steps, isVegan) VALUES (8, 'vitae quam', 0.5, 4, 'Coral Orange Lichen', 1386, 58, 'Proin eu mi. Nulla ac enim. In tempor, turpis nec euismod scelerisque, quam turpis adipiscing lorem, vitae mattis nibh ligula nec sem. Duis aliquam convallis nunc.', false);
INSERT INTO Recipes (recipeID, name, rating, servingSize, allergens, calories, timeToMake, steps, isVegan) VALUES (9, 'erat tortor sollicitudin', 7.5, 2, 'Fence Morning-glory', 513, 54, 'Praesent blandit. Nam nulla. Integer pede justo, lacinia eget, tincidunt eget, tempus vel, pede. Morbi porttitor lorem id ligula.', false);
INSERT INTO Recipes (recipeID, name, rating, servingSize, allergens, calories, timeToMake, steps, isVegan) VALUES (10, 'nulla ac enim', 7.9, 4, 'Dot Lichen', 351, 38, 'Nunc nisl. Duis bibendum, felis sed interdum venenatis, turpis enim blandit mi, in porttitor pede justo eu massa. Donec dapibus. Duis at velit eu est congue elementum. In hac habitasse platea dictumst. Morbi vestibulum, velit id pretium iaculis, diam erat fermentum justo, nec condimentum neque sapien placerat ante.', false);
INSERT INTO Recipes (recipeID, name, rating, servingSize, allergens, calories, timeToMake, steps, isVegan) VALUES (11, 'lobortis ligula', 8.9, 2, 'Cardot''s Pohlia Moss', 1745, 11, 'In quis justo. Maecenas rhoncus aliquam lacus.', true);
INSERT INTO Recipes (recipeID, name, rating, servingSize, allergens, calories, timeToMake, steps, isVegan) VALUES (12, 'sapien', 1.5, 5, 'Canby''s Angelica', 368, 38, 'Morbi vel lectus in quam fringilla rhoncus. Mauris enim leo, rhoncus sed, vestibulum sit amet, cursus id, turpis. Integer aliquet, massa id lobortis convallis, tortor risus dapibus augue, vel accumsan tellus nisi eu orci. Mauris lacinia sapien quis libero. Nullam sit amet turpis elementum ligula vehicula consequat. Morbi a ipsum. Integer a nibh.', false);
INSERT INTO Recipes (recipeID, name, rating, servingSize, allergens, calories, timeToMake, steps, isVegan) VALUES (13, 'platea dictumst', 5.9, 4, 'Sicklegrass', 1782, 12, 'In sagittis dui vel nisl. Duis ac nibh. Fusce lacus purus, aliquet at, feugiat non, pretium quis, lectus. Suspendisse potenti. In eleifend quam a odio. In hac habitasse platea dictumst. Maecenas ut massa quis augue luctus tincidunt.', false);
INSERT INTO Recipes (recipeID, name, rating, servingSize, allergens, calories, timeToMake, steps, isVegan) VALUES (14, 'primis in', 3.6, 3, 'Pea', 551, 53, 'Duis at velit eu est congue elementum. In hac habitasse platea dictumst. Morbi vestibulum, velit id pretium iaculis, diam erat fermentum justo, nec condimentum neque sapien placerat ante. Nulla justo. Aliquam quis turpis eget elit sodales scelerisque. Mauris sit amet eros. Suspendisse accumsan tortor quis turpis.', false);
INSERT INTO Recipes (recipeID, name, rating, servingSize, allergens, calories, timeToMake, steps, isVegan) VALUES (15, 'feugiat non', 3.6, 5, 'Caltrop', 1610, 16, 'Vestibulum ac est lacinia nisi venenatis tristique. Fusce congue, diam id ornare imperdiet, sapien urna pretium nisl, ut volutpat sapien arcu sed augue. Aliquam erat volutpat. In congue. Etiam justo. Etiam pretium iaculis justo. In hac habitasse platea dictumst.', true);
INSERT INTO Recipes (recipeID, name, rating, servingSize, allergens, calories, timeToMake, steps, isVegan) VALUES (16, 'faucibus orci luctus', 3.6, 4, 'Coastal Plain Beaksedge', 317, 49, 'Aliquam quis turpis eget elit sodales scelerisque. Mauris sit amet eros. Suspendisse accumsan tortor quis turpis. Sed ante. Vivamus tortor. Duis mattis egestas metus.', true);
INSERT INTO Recipes (recipeID, name, rating, servingSize, allergens, calories, timeToMake, steps, isVegan) VALUES (17, 'nec nisi', 7.5, 4, 'Ridged Pteralyxia', 398, 45, 'Nulla nisl. Nunc nisl.', true);
INSERT INTO Recipes (recipeID, name, rating, servingSize, allergens, calories, timeToMake, steps, isVegan) VALUES (18, 'lacinia', 3.6, 2, 'Tree Limonium', 1823, 57, 'Proin eu mi. Nulla ac enim. In tempor, turpis nec euismod scelerisque, quam turpis adipiscing lorem, vitae mattis nibh ligula nec sem. Duis aliquam convallis nunc. Proin at turpis a pede posuere nonummy. Integer non velit.', false);
INSERT INTO Recipes (recipeID, name, rating, servingSize, allergens, calories, timeToMake, steps, isVegan) VALUES (19, 'libero', 0.9, 3, 'Threelobe Pygmymelon', 667, 17, 'In hac habitasse platea dictumst. Morbi vestibulum, velit id pretium iaculis, diam erat fermentum justo, nec condimentum neque sapien placerat ante. Nulla justo. Aliquam quis turpis eget elit sodales scelerisque. Mauris sit amet eros. Suspendisse accumsan tortor quis turpis. Sed ante. Vivamus tortor.', false);
INSERT INTO Recipes (recipeID, name, rating, servingSize, allergens, calories, timeToMake, steps, isVegan) VALUES (20, 'leo odio condimentum', 6.2, 4, 'Bryhnia Moss', 1791, 34, 'Vestibulum ante ipsum primis in faucibus orci luctus et ultrices posuere cubilia Curae; Nulla dapibus dolor vel est. Donec odio justo, sollicitudin ut, suscipit a, feugiat et, eros. Vestibulum ac est lacinia nisi venenatis tristique.', false);
INSERT INTO Recipes (recipeID, name, rating, servingSize, allergens, calories, timeToMake, steps, isVegan) VALUES (21, 'tempor turpis', 6.5, 2, 'Summer Sedge', 1181, 19, 'Fusce posuere felis sed lacus. Morbi sem mauris, laoreet ut, rhoncus aliquet, pulvinar sed, nisl. Nunc rhoncus dui vel sem. Sed sagittis. Nam congue, risus semper porta volutpat, quam pede lobortis ligula, sit amet eleifend pede libero quis orci. Nullam molestie nibh in lectus. Pellentesque at nulla. Suspendisse potenti. Cras in purus eu magna vulputate luctus.', true);
INSERT INTO Recipes (recipeID, name, rating, servingSize, allergens, calories, timeToMake, steps, isVegan) VALUES (22, 'felis', 1.8, 3, 'Enchanter''s Nightshade', 516, 18, 'Maecenas tristique, est et tempus semper, est quam pharetra magna, ac consequat metus sapien ut nunc. Vestibulum ante ipsum primis in faucibus orci luctus et ultrices posuere cubilia Curae; Mauris viverra diam vitae quam. Suspendisse potenti.', true);
INSERT INTO Recipes (recipeID, name, rating, servingSize, allergens, calories, timeToMake, steps, isVegan) VALUES (23, 'nunc donec quis', 8.5, 1, 'Nail Lichen', 1417, 53, 'Morbi quis tortor id nulla ultrices aliquet. Maecenas leo odio, condimentum id, luctus nec, molestie sed, justo.', true);
INSERT INTO Recipes (recipeID, name, rating, servingSize, allergens, calories, timeToMake, steps, isVegan) VALUES (24, 'integer', 7.7, 2, 'Hummingbird Trumpet', 869, 24, 'Proin leo odio, porttitor id, consequat in, consequat ut, nulla. Sed accumsan felis. Ut at dolor quis odio consequat varius. Integer ac leo.', false);
INSERT INTO Recipes (recipeID, name, rating, servingSize, allergens, calories, timeToMake, steps, isVegan) VALUES (25, 'in purus eu', 1.1, 3, 'Pringle Manzanita', 1746, 58, 'Cras mi pede, malesuada in, imperdiet et, commodo vulputate, justo. In blandit ultrices enim. Lorem ipsum dolor sit amet, consectetuer adipiscing elit. Proin interdum mauris non ligula pellentesque ultrices.', true);
INSERT INTO Recipes (recipeID, name, rating, servingSize, allergens, calories, timeToMake, steps, isVegan) VALUES (26, 'metus aenean fermentum', 0.2, 5, 'Intermountain Bedstraw', 1228, 43, 'Morbi ut odio. Cras mi pede, malesuada in, imperdiet et, commodo vulputate, justo. In blandit ultrices enim. Lorem ipsum dolor sit amet, consectetuer adipiscing elit. Proin interdum mauris non ligula pellentesque ultrices. Phasellus id sapien in sapien iaculis congue. Vivamus metus arcu, adipiscing molestie, hendrerit at, vulputate vitae, nisl. Aenean lectus. Pellentesque eget nunc. Donec quis orci eget orci vehicula condimentum.', true);
INSERT INTO Recipes (recipeID, name, rating, servingSize, allergens, calories, timeToMake, steps, isVegan) VALUES (27, 'interdum mauris non', 7.9, 4, 'Seaside Ragwort', 563, 54, 'Maecenas tristique, est et tempus semper, est quam pharetra magna, ac consequat metus sapien ut nunc. Vestibulum ante ipsum primis in faucibus orci luctus et ultrices posuere cubilia Curae; Mauris viverra diam vitae quam.', false);
INSERT INTO Recipes (recipeID, name, rating, servingSize, allergens, calories, timeToMake, steps, isVegan) VALUES (28, 'viverra dapibus', 0.2, 2, 'Roundleaf Bladderpod', 1569, 22, 'Morbi sem mauris, laoreet ut, rhoncus aliquet, pulvinar sed, nisl. Nunc rhoncus dui vel sem. Sed sagittis. Nam congue, risus semper porta volutpat, quam pede lobortis ligula, sit amet eleifend pede libero quis orci. Nullam molestie nibh in lectus. Pellentesque at nulla. Suspendisse potenti. Cras in purus eu magna vulputate luctus.', false);
INSERT INTO Recipes (recipeID, name, rating, servingSize, allergens, calories, timeToMake, steps, isVegan) VALUES (29, 'id turpis', 2.6, 4, 'Hybrid Walnut', 1828, 53, 'Nullam porttitor lacus at turpis. Donec posuere metus vitae ipsum. Aliquam non mauris. Morbi non lectus. Aliquam sit amet diam in magna bibendum imperdiet. Nullam orci pede, venenatis non, sodales sed, tincidunt eu, felis. Fusce posuere felis sed lacus. Morbi sem mauris, laoreet ut, rhoncus aliquet, pulvinar sed, nisl. Nunc rhoncus dui vel sem. Sed sagittis.', false);
INSERT INTO Recipes (recipeID, name, rating, servingSize, allergens, calories, timeToMake, steps, isVegan) VALUES (30, 'pharetra magna ac', 1.9, 3, 'Halberdleaf Orach', 1859, 41, 'In est risus, auctor sed, tristique in, tempus sit amet, sem. Fusce consequat. Nulla nisl. Nunc nisl. Duis bibendum, felis sed interdum venenatis, turpis enim blandit mi, in porttitor pede justo eu massa.', false);
INSERT INTO Recipes (recipeID, name, rating, servingSize, allergens, calories, timeToMake, steps, isVegan) VALUES (31, 'massa volutpat', 3.4, 1, 'Redring Milkweed', 662, 5, 'Donec posuere metus vitae ipsum. Aliquam non mauris. Morbi non lectus. Aliquam sit amet diam in magna bibendum imperdiet. Nullam orci pede, venenatis non, sodales sed, tincidunt eu, felis. Fusce posuere felis sed lacus.', false);
INSERT INTO Recipes (recipeID, name, rating, servingSize, allergens, calories, timeToMake, steps, isVegan) VALUES (32, 'aenean auctor gravida', 5.1, 2, 'Lonely Lily', 55, 15, 'Nunc nisl. Duis bibendum, felis sed interdum venenatis, turpis enim blandit mi, in porttitor pede justo eu massa. Donec dapibus. Duis at velit eu est congue elementum. In hac habitasse platea dictumst. Morbi vestibulum, velit id pretium iaculis, diam erat fermentum justo, nec condimentum neque sapien placerat ante. Nulla justo. Aliquam quis turpis eget elit sodales scelerisque. Mauris sit amet eros.', false);
INSERT INTO Recipes (recipeID, name, rating, servingSize, allergens, calories, timeToMake, steps, isVegan) VALUES (33, 'ipsum', 6.4, 2, 'Bryum Moss', 600, 20, 'Aliquam erat volutpat. In congue. Etiam justo. Etiam pretium iaculis justo. In hac habitasse platea dictumst. Etiam faucibus cursus urna. Ut tellus.', false);
INSERT INTO Recipes (recipeID, name, rating, servingSize, allergens, calories, timeToMake, steps, isVegan) VALUES (34, 'pellentesque viverra pede', 8.0, 2, 'Cyrtandra', 340, 14, 'In tempor, turpis nec euismod scelerisque, quam turpis adipiscing lorem, vitae mattis nibh ligula nec sem. Duis aliquam convallis nunc. Proin at turpis a pede posuere nonummy. Integer non velit. Donec diam neque, vestibulum eget, vulputate ut, ultrices vel, augue. Vestibulum ante ipsum primis in faucibus orci luctus et ultrices posuere cubilia Curae; Donec pharetra, magna vestibulum aliquet ultrices, erat tortor sollicitudin mi, sit amet lobortis sapien sapien non mi.', false);
INSERT INTO Recipes (recipeID, name, rating, servingSize, allergens, calories, timeToMake, steps, isVegan) VALUES (35, 'morbi', 3.3, 3, 'Hybrid Oak', 227, 58, 'Aliquam erat volutpat. In congue. Etiam justo. Etiam pretium iaculis justo.', true);
INSERT INTO Recipes (recipeID, name, rating, servingSize, allergens, calories, timeToMake, steps, isVegan) VALUES (36, 'diam id ornare', 2.1, 5, 'Smallstalk Necklace Fern', 852, 11, 'Cras non velit nec nisi vulputate nonummy. Maecenas tincidunt lacus at velit. Vivamus vel nulla eget eros elementum pellentesque.', true);
INSERT INTO Recipes (recipeID, name, rating, servingSize, allergens, calories, timeToMake, steps, isVegan) VALUES (37, 'etiam justo etiam', 9.9, 3, 'Cup Lichen', 538, 30, 'Fusce posuere felis sed lacus. Morbi sem mauris, laoreet ut, rhoncus aliquet, pulvinar sed, nisl. Nunc rhoncus dui vel sem.', true);
INSERT INTO Recipes (recipeID, name, rating, servingSize, allergens, calories, timeToMake, steps, isVegan) VALUES (38, 'pellentesque quisque porta', 7.0, 2, 'Marmalade Bush', 1494, 17, 'Donec dapibus. Duis at velit eu est congue elementum. In hac habitasse platea dictumst.', true);
INSERT INTO Recipes (recipeID, name, rating, servingSize, allergens, calories, timeToMake, steps, isVegan) VALUES (39, 'amet cursus', 6.3, 2, 'California Biddy-biddy', 1500, 31, 'Aliquam quis turpis eget elit sodales scelerisque. Mauris sit amet eros. Suspendisse accumsan tortor quis turpis. Sed ante. Vivamus tortor. Duis mattis egestas metus. Aenean fermentum. Donec ut mauris eget massa tempor convallis. Nulla neque libero, convallis eget, eleifend luctus, ultricies eu, nibh. Quisque id justo sit amet sapien dignissim vestibulum.', true);
INSERT INTO Recipes (recipeID, name, rating, servingSize, allergens, calories, timeToMake, steps, isVegan) VALUES (40, 'ante ipsum', 0.6, 2, 'Williams'' Springparsley', 1728, 34, 'Nam dui. Proin leo odio, porttitor id, consequat in, consequat ut, nulla. Sed accumsan felis. Ut at dolor quis odio consequat varius. Integer ac leo. Pellentesque ultrices mattis odio. Donec vitae nisi.', false);
INSERT INTO Recipes (recipeID, name, rating, servingSize, allergens, calories, timeToMake, steps, isVegan) VALUES (41, 'viverra', 1.8, 5, 'False Sun-rose', 1414, 44, 'Maecenas ut massa quis augue luctus tincidunt. Nulla mollis molestie lorem. Quisque ut erat. Curabitur gravida nisi at nibh. In hac habitasse platea dictumst. Aliquam augue quam, sollicitudin vitae, consectetuer eget, rutrum at, lorem. Integer tincidunt ante vel ipsum. Praesent blandit lacinia erat. Vestibulum sed magna at nunc commodo placerat.', true);
INSERT INTO Recipes (recipeID, name, rating, servingSize, allergens, calories, timeToMake, steps, isVegan) VALUES (42, 'a nibh', 7.4, 2, 'Huachuca Mountain Stonecrop', 75, 31, 'Maecenas rhoncus aliquam lacus. Morbi quis tortor id nulla ultrices aliquet. Maecenas leo odio, condimentum id, luctus nec, molestie sed, justo. Pellentesque viverra pede ac diam. Cras pellentesque volutpat dui. Maecenas tristique, est et tempus semper, est quam pharetra magna, ac consequat metus sapien ut nunc. Vestibulum ante ipsum primis in faucibus orci luctus et ultrices posuere cubilia Curae; Mauris viverra diam vitae quam. Suspendisse potenti.', false);
INSERT INTO Recipes (recipeID, name, rating, servingSize, allergens, calories, timeToMake, steps, isVegan) VALUES (43, 'ultrices', 5.9, 4, 'Broom Crowberry', 1313, 59, 'Duis ac nibh. Fusce lacus purus, aliquet at, feugiat non, pretium quis, lectus. Suspendisse potenti. In eleifend quam a odio. In hac habitasse platea dictumst. Maecenas ut massa quis augue luctus tincidunt. Nulla mollis molestie lorem. Quisque ut erat.', false);
INSERT INTO Recipes (recipeID, name, rating, servingSize, allergens, calories, timeToMake, steps, isVegan) VALUES (44, 'lacus', 2.6, 5, 'Wedge Leaf-flower', 621, 40, 'Donec odio justo, sollicitudin ut, suscipit a, feugiat et, eros. Vestibulum ac est lacinia nisi venenatis tristique.', true);
INSERT INTO Recipes (recipeID, name, rating, servingSize, allergens, calories, timeToMake, steps, isVegan) VALUES (45, 'eu', 1.2, 5, 'Crab Apple', 239, 28, 'Pellentesque ultrices mattis odio. Donec vitae nisi. Nam ultrices, libero non mattis pulvinar, nulla pede ullamcorper augue, a suscipit nulla elit ac nulla. Sed vel enim sit amet nunc viverra dapibus. Nulla suscipit ligula in lacus. Curabitur at ipsum ac tellus semper interdum.', true);

INSERT INTO Restaurants (restaurantID, name, cuisine, rating, street, city, country, zip) VALUES (1, 'Geranium', 'Fusion', 1.4, '6 Manley Way', 'Nantes', 'France', '44036 CEDEX 1');
INSERT INTO Restaurants (restaurantID, name, cuisine, rating, street, city, country, zip) VALUES (2, 'Gaa', 'Indian', 3.7, '84 Everett Crossing', 'lvsbyn', 'Sweden', '942 31');
INSERT INTO Restaurants (restaurantID, name, cuisine, rating, street, city, country, zip) VALUES (3, 'Maido', 'Korean', 5.5, '9724 Lawn Junction', 'Gribanovskiy', 'Russia', '397243');
INSERT INTO Restaurants (restaurantID, name, cuisine, rating, street, city, country, zip) VALUES (4, 'Astrid y Gastn', 'Middle Eastern', 2.5, '2494 Haas Alley', 'Kemijrvi', 'Finland', '98999');
INSERT INTO Restaurants (restaurantID, name, cuisine, rating, street, city, country, zip) VALUES (5, 'Asador Etxebarri', 'Hawaiian', 5.0, '1142 Nova Crossing', 'Krajan Siki', 'Indonesia', null);
INSERT INTO Restaurants (restaurantID, name, cuisine, rating, street, city, country, zip) VALUES (6, 'Astrid y Gastn', 'Swedish', 2.9, '3220 Rockefeller Center', 'Kungsbacka', 'Sweden', '434 23');
INSERT INTO Restaurants (restaurantID, name, cuisine, rating, street, city, country, zip) VALUES (7, 'Mirazur', 'Hawaiian', 6.2, '377 Forest Run Road', 'Reutov', 'Russia', '143969');
INSERT INTO Restaurants (restaurantID, name, cuisine, rating, street, city, country, zip) VALUES (8, 'Piazza Duomo', 'Turkish', 7.4, '4530 Comanche Point', 'Santa Lucia', 'Philippines', '2712');
INSERT INTO Restaurants (restaurantID, name, cuisine, rating, street, city, country, zip) VALUES (9, 'Maido', 'Cajun', 6.9, '4860 Prairieview Street', 'Zhangjiabao', 'China', null);
INSERT INTO Restaurants (restaurantID, name, cuisine, rating, street, city, country, zip) VALUES (10, 'Le Bernardin', 'Vietnamese', 9.4, '17156 Green Ridge Place', 'Vancouver', 'United States', '98664');
INSERT INTO Restaurants (restaurantID, name, cuisine, rating, street, city, country, zip) VALUES (11, 'Narisawa', 'Filipino', 9.3, '4427 Dwight Hill', 'Novosemeykino', 'Russia', '446378');
INSERT INTO Restaurants (restaurantID, name, cuisine, rating, street, city, country, zip) VALUES (12, 'Park', 'Portuguese', 2.5, '829 Myrtle Drive', 'Kristiansand S', 'Norway', '4671');
INSERT INTO Restaurants (restaurantID, name, cuisine, rating, street, city, country, zip) VALUES (13, 'Pujol', 'Cuban', 7.6, '87808 Westerfield Hill', 'Coroico', 'Bolivia', null);
INSERT INTO Restaurants (restaurantID, name, cuisine, rating, street, city, country, zip) VALUES (14, 'Dabbous', 'Greek', 5.1, '50852 Coolidge Parkway', 'Jilib', 'Somalia', null);
INSERT INTO Restaurants (restaurantID, name, cuisine, rating, street, city, country, zip) VALUES (15, 'The Modern', 'Russian', 3.5, '6122 Homewood Road', 'Hortolndia', 'Brazil', '13183-000');
INSERT INTO Restaurants (restaurantID, name, cuisine, rating, street, city, country, zip) VALUES (16, 'Geranium', 'Mexican', 9.6, '3663 Onsgard Alley', 'Tapiramut', 'Brazil', '44840-000');
INSERT INTO Restaurants (restaurantID, name, cuisine, rating, street, city, country, zip) VALUES (17, 'Gaa', 'Spanish', 1.6, '38194 Lakeland Road', 'Karema', 'Tanzania', null);
INSERT INTO Restaurants (restaurantID, name, cuisine, rating, street, city, country, zip) VALUES (18, 'Amber', 'Peruvian', 8.5, '93 Hermina Place', 'Nova Vencia', 'Brazil', '29830-000');
INSERT INTO Restaurants (restaurantID, name, cuisine, rating, street, city, country, zip) VALUES (19, 'Suhring', 'Indonesian', 4.7, '87 Lawn Plaza', 'Agara', 'Georgia', null);
INSERT INTO Restaurants (restaurantID, name, cuisine, rating, street, city, country, zip) VALUES (20, 'Geranium', 'Turkish', 2.5, '87390 Di Loreto Parkway', 'Werbkowice', 'Poland', '22-550');
INSERT INTO Restaurants (restaurantID, name, cuisine, rating, street, city, country, zip) VALUES (21, 'Geranium', 'Vegan', 6.8, '1 Arkansas Road', 'Pereira', 'Portugal', '4950-770');
INSERT INTO Restaurants (restaurantID, name, cuisine, rating, street, city, country, zip) VALUES (22, 'Astrid y Gastn', 'Mexican', 4.0, '023 Monterey Way', 'Jiaoyang', 'China', null);
INSERT INTO Restaurants (restaurantID, name, cuisine, rating, street, city, country, zip) VALUES (23, 'Central', 'Jamaican', 6.6, '7166 Warrior Crossing', 'Guantou', 'China', null);
INSERT INTO Restaurants (restaurantID, name, cuisine, rating, street, city, country, zip) VALUES (24, 'The Modern', 'Scottish', 5.8, '3679 Debra Plaza', 'Prnos', 'Greece', null);
INSERT INTO Restaurants (restaurantID, name, cuisine, rating, street, city, country, zip) VALUES (25, 'Gaa', 'Chinese', 9.6, '2236 Talmadge Parkway', 'Imbang', 'Philippines', '6116');
INSERT INTO Restaurants (restaurantID, name, cuisine, rating, street, city, country, zip) VALUES (26, 'Nahm', 'French', 1.4, '7674 Marquette Road', 'Brikama Nding', 'Gambia', null);
INSERT INTO Restaurants (restaurantID, name, cuisine, rating, street, city, country, zip) VALUES (27, 'Septime', 'Korean', 8.6, '3835 Kropf Circle', 'Sap Yai', 'Thailand', '16150');
INSERT INTO Restaurants (restaurantID, name, cuisine, rating, street, city, country, zip) VALUES (28, 'Asador Etxebarri', 'Vegan', 8.4, '2172 Beilfuss Crossing', 'Lechinkay', 'Russia', '361405');
INSERT INTO Restaurants (restaurantID, name, cuisine, rating, street, city, country, zip) VALUES (29, 'Odette', 'Spanish', 8.2, '56105 Melody Hill', 'Ktou', 'Benin', null);
INSERT INTO Restaurants (restaurantID, name, cuisine, rating, street, city, country, zip) VALUES (30, 'Tim Raue', 'Hawaiian', 6.0, '5012 Chive Pass', 'Yessentukskaya', 'Russia', '357637');
INSERT INTO Restaurants (restaurantID, name, cuisine, rating, street, city, country, zip) VALUES (31, 'Maido', 'Brazilian', 9.9, '19 Porter Avenue', 'Al Wardanin', 'Tunisia', null);
INSERT INTO Restaurants (restaurantID, name, cuisine, rating, street, city, country, zip) VALUES (32, 'White Rabbit', 'Middle Eastern', 9.3, '10 Dorton Circle', 'Kiten', 'Bulgaria', '9243');
INSERT INTO Restaurants (restaurantID, name, cuisine, rating, street, city, country, zip) VALUES (33, 'Alain Ducasse at Plaza Athne', 'Middle Eastern', 3.1, '3 Corben Street', 'Pagak Kulon', 'Indonesia', null);
INSERT INTO Restaurants (restaurantID, name, cuisine, rating, street, city, country, zip) VALUES (34, 'White Rabbit', 'Ethiopian', 6.9, '3954 Summit Center', 'Rozaje', 'Montenegro', null);
INSERT INTO Restaurants (restaurantID, name, cuisine, rating, street, city, country, zip) VALUES (35, 'Blue Hill at Stone Barns', 'Argentinian', 3.8, '78 Blue Bill Park Hill', 'Zielona Gra', 'Poland', '65-980');
INSERT INTO Restaurants (restaurantID, name, cuisine, rating, street, city, country, zip) VALUES (36, 'The Test Kitchen', 'Russian', 1.6, '6 Lien Hill', 'Fontenay-sous-Bois', 'France', '94124 CEDEX');
INSERT INTO Restaurants (restaurantID, name, cuisine, rating, street, city, country, zip) VALUES (37, 'Disfrutar', 'Caribbean', 7.7, '7941 Hazelcrest Place', 'Monsanto', 'Portugal', '6060-089');
INSERT INTO Restaurants (restaurantID, name, cuisine, rating, street, city, country, zip) VALUES (38, 'Septime', 'Japanese', 2.7, '48766 Summit Court', 'Santiago', 'Philippines', '8608');
INSERT INTO Restaurants (restaurantID, name, cuisine, rating, street, city, country, zip) VALUES (39, 'Borag', 'Middle Eastern', 3.7, '720 Roth Point', 'Phalaborwa', 'South Africa', '1396');
INSERT INTO Restaurants (restaurantID, name, cuisine, rating, street, city, country, zip) VALUES (40, 'Cosme', 'Argentinian', 5.6, '95 Utah Drive', 'Orange Farm', 'South Africa', '1841');
INSERT INTO Restaurants (restaurantID, name, cuisine, rating, street, city, country, zip) VALUES (41, 'Momofuku Ko', 'French', 8.1, '81152 Pine View Circle', 'Pedra Furada', 'Portugal', '4755-393');
INSERT INTO Restaurants (restaurantID, name, cuisine, rating, street, city, country, zip) VALUES (42, 'Geranium', 'Chinese', 5.2, '305 Arapahoe Hill', 'Leeds', 'United Kingdom', 'LS6');
INSERT INTO Restaurants (restaurantID, name, cuisine, rating, street, city, country, zip) VALUES (43, 'Daniel', 'Moroccan', 4.4, '4 Forest Run Court', 'Upig', 'Philippines', '1706');
INSERT INTO Restaurants (restaurantID, name, cuisine, rating, street, city, country, zip) VALUES (44, 'Geranium', 'Middle Eastern', 5.3, '52 Butternut Crossing', 'Ranong', 'Thailand', '85000');
INSERT INTO Restaurants (restaurantID, name, cuisine, rating, street, city, country, zip) VALUES (45, 'Relae', 'Hawaiian', 9.8, '6861 Vidon Court', 'Na Thawi', 'Thailand', '90160');

INSERT INTO Nutrients (nutrientID, name, grams) VALUES (1, 'quercus macrocarpa pollen', 63);
INSERT INTO Nutrients (nutrientID, name, grams) VALUES (2, 'Sodium Sulfacetamide and Sulfur', 85);
INSERT INTO Nutrients (nutrientID, name, grams) VALUES (3, 'Guaifenesin', 64);
INSERT INTO Nutrients (nutrientID, name, grams) VALUES (4, 'Methimazole', 80);
INSERT INTO Nutrients (nutrientID, name, grams) VALUES (5, 'Betaxolol', 63);
INSERT INTO Nutrients (nutrientID, name, grams) VALUES (6, 'pioglitazone hydrochloride', 94);
INSERT INTO Nutrients (nutrientID, name, grams) VALUES (7, 'TESTOSTERONE ENANTHATE', 92);
INSERT INTO Nutrients (nutrientID, name, grams) VALUES (8, 'Dimethicone', 72);
INSERT INTO Nutrients (nutrientID, name, grams) VALUES (9, 'Acetaminophen', 34);
INSERT INTO Nutrients (nutrientID, name, grams) VALUES (10, 'Pantoprazole Sodium', 16);
INSERT INTO Nutrients (nutrientID, name, grams) VALUES (11, 'DOCUSATE SODIUM', 3);
INSERT INTO Nutrients (nutrientID, name, grams) VALUES (12, 'Salicylic Acid', 95);
INSERT INTO Nutrients (nutrientID, name, grams) VALUES (13, 'cadmium iodide', 30);
INSERT INTO Nutrients (nutrientID, name, grams) VALUES (14, 'Prosopis juliflora', 18);
INSERT INTO Nutrients (nutrientID, name, grams) VALUES (15, 'metoprolol tartrate', 83);
INSERT INTO Nutrients (nutrientID, name, grams) VALUES (16, 'octinoxate and oxybenzone', 97);
INSERT INTO Nutrients (nutrientID, name, grams) VALUES (17, 'Lamotrigine', 46);
INSERT INTO Nutrients (nutrientID, name, grams) VALUES (18, 'Avobenzone, Octocrylene, and Oxybenzone', 77);
INSERT INTO Nutrients (nutrientID, name, grams) VALUES (19, 'black walnut', 9);
INSERT INTO Nutrients (nutrientID, name, grams) VALUES (20, 'Medicated Callus Removers', 99);
INSERT INTO Nutrients (nutrientID, name, grams) VALUES (21, 'Aspergillus Niger Var. Niger', 49);
INSERT INTO Nutrients (nutrientID, name, grams) VALUES (22, 'ARIPIPRAZOLE', 51);
INSERT INTO Nutrients (nutrientID, name, grams) VALUES (23, 'MENTHOL', 41);
INSERT INTO Nutrients (nutrientID, name, grams) VALUES (24, 'lithium carbonate', 55);
INSERT INTO Nutrients (nutrientID, name, grams) VALUES (25, 'Antimon', 80);
INSERT INTO Nutrients (nutrientID, name, grams) VALUES (26, 'bupropion hydrochloride', 72);
INSERT INTO Nutrients (nutrientID, name, grams) VALUES (27, 'Methylene Blue', 13);
INSERT INTO Nutrients (nutrientID, name, grams) VALUES (28, 'Buspirone Hydrochloride', 43);
INSERT INTO Nutrients (nutrientID, name, grams) VALUES (29, 'bevacizumab', 6);
INSERT INTO Nutrients (nutrientID, name, grams) VALUES (30, 'Octinoxate and Oxybenzone', 99);
INSERT INTO Nutrients (nutrientID, name, grams) VALUES (31, 'Urtica', 25);
INSERT INTO Nutrients (nutrientID, name, grams) VALUES (32, 'Tetracoccosporium paxianum', 82);
INSERT INTO Nutrients (nutrientID, name, grams) VALUES (33, 'Cefazolin', 95);
INSERT INTO Nutrients (nutrientID, name, grams) VALUES (34, 'nitroglycerin', 67);
INSERT INTO Nutrients (nutrientID, name, grams) VALUES (35, 'Stavudine', 84);
INSERT INTO Nutrients (nutrientID, name, grams) VALUES (36, 'Nitrogen', 49);
INSERT INTO Nutrients (nutrientID, name, grams) VALUES (37, 'Ciprofloxacin hydrochloride', 13);
INSERT INTO Nutrients (nutrientID, name, grams) VALUES (38, 'Cetirizine Hydrochloride', 34);
INSERT INTO Nutrients (nutrientID, name, grams) VALUES (39, 'Ketoconazole', 82);
INSERT INTO Nutrients (nutrientID, name, grams) VALUES (40, 'Valacyclovir', 85);
INSERT INTO Nutrients (nutrientID, name, grams) VALUES (41, 'octinoxate, octisalate', 8);
INSERT INTO Nutrients (nutrientID, name, grams) VALUES (42, 'Albuterol Sulfate', 81);
INSERT INTO Nutrients (nutrientID, name, grams) VALUES (43, 'OXYCODONE HYDROCHLORIDE', 64);
INSERT INTO Nutrients (nutrientID, name, grams) VALUES (44, 'OCTOCRYLENE, TITANIUM DIOXIDE', 87);
INSERT INTO Nutrients (nutrientID, name, grams) VALUES (45, 'Desogestrel-Ethinyl', 72);

INSERT INTO VeganTips (tipID, tip) VALUES (1, 'Quisque id justo sit amet sapien dignissim vestibulum. Vestibulum ante ipsum primis in faucibus orci luctus et ultrices posuere cubilia Curae; Nulla dapibus dolor vel est. Donec odio justo, sollicitudin ut, suscipit a, feugiat et, eros.');
INSERT INTO VeganTips (tipID, tip) VALUES (2, 'Aliquam sit amet diam in magna bibendum imperdiet. Nullam orci pede, venenatis non, sodales sed, tincidunt eu, felis. Fusce posuere felis sed lacus.');
INSERT INTO VeganTips (tipID, tip) VALUES (3, 'Nulla facilisi.');
INSERT INTO VeganTips (tipID, tip) VALUES (4, 'Nulla justo. Aliquam quis turpis eget elit sodales scelerisque.');
INSERT INTO VeganTips (tipID, tip) VALUES (5, 'Vivamus metus arcu, adipiscing molestie, hendrerit at, vulputate vitae, nisl. Aenean lectus. Pellentesque eget nunc. Donec quis orci eget orci vehicula condimentum.');
INSERT INTO VeganTips (tipID, tip) VALUES (6, 'Morbi ut odio. Cras mi pede, malesuada in, imperdiet et, commodo vulputate, justo. In blandit ultrices enim. Lorem ipsum dolor sit amet, consectetuer adipiscing elit.');
INSERT INTO VeganTips (tipID, tip) VALUES (7, 'Fusce posuere felis sed lacus. Morbi sem mauris, laoreet ut, rhoncus aliquet, pulvinar sed, nisl.');
INSERT INTO VeganTips (tipID, tip) VALUES (8, 'Aenean sit amet justo. Morbi ut odio. Cras mi pede, malesuada in, imperdiet et, commodo vulputate, justo. In blandit ultrices enim. Lorem ipsum dolor sit amet, consectetuer adipiscing elit.');
INSERT INTO VeganTips (tipID, tip) VALUES (9, 'Quisque erat eros, viverra eget, congue eget, semper rutrum, nulla.');
INSERT INTO VeganTips (tipID, tip) VALUES (10, 'Curabitur at ipsum ac tellus semper interdum.');
INSERT INTO VeganTips (tipID, tip) VALUES (11, 'Integer non velit.');
INSERT INTO VeganTips (tipID, tip) VALUES (12, 'Fusce congue, diam id ornare imperdiet, sapien urna pretium nisl, ut volutpat sapien arcu sed augue. Aliquam erat volutpat. In congue. Etiam justo.');
INSERT INTO VeganTips (tipID, tip) VALUES (13, 'Aenean sit amet justo. Morbi ut odio.');
INSERT INTO VeganTips (tipID, tip) VALUES (14, 'Praesent blandit.');
INSERT INTO VeganTips (tipID, tip) VALUES (15, 'Proin leo odio, porttitor id, consequat in, consequat ut, nulla. Sed accumsan felis. Ut at dolor quis odio consequat varius. Integer ac leo. Pellentesque ultrices mattis odio.');
INSERT INTO VeganTips (tipID, tip) VALUES (16, 'Pellentesque eget nunc. Donec quis orci eget orci vehicula condimentum. Curabitur in libero ut massa volutpat convallis. Morbi odio odio, elementum eu, interdum eu, tincidunt in, leo. Maecenas pulvinar lobortis est.');
INSERT INTO VeganTips (tipID, tip) VALUES (17, 'In congue. Etiam justo. Etiam pretium iaculis justo.');
INSERT INTO VeganTips (tipID, tip) VALUES (18, 'Proin eu mi. Nulla ac enim. In tempor, turpis nec euismod scelerisque, quam turpis adipiscing lorem, vitae mattis nibh ligula nec sem. Duis aliquam convallis nunc.');
INSERT INTO VeganTips (tipID, tip) VALUES (19, 'Donec semper sapien a libero.');
INSERT INTO VeganTips (tipID, tip) VALUES (20, 'Vivamus vel nulla eget eros elementum pellentesque. Quisque porta volutpat erat.');
INSERT INTO VeganTips (tipID, tip) VALUES (21, 'Donec posuere metus vitae ipsum. Aliquam non mauris. Morbi non lectus. Aliquam sit amet diam in magna bibendum imperdiet. Nullam orci pede, venenatis non, sodales sed, tincidunt eu, felis.');
INSERT INTO VeganTips (tipID, tip) VALUES (22, 'Curabitur convallis.');
INSERT INTO VeganTips (tipID, tip) VALUES (23, 'Morbi odio odio, elementum eu, interdum eu, tincidunt in, leo. Maecenas pulvinar lobortis est. Phasellus sit amet erat. Nulla tempus.');
INSERT INTO VeganTips (tipID, tip) VALUES (24, 'Pellentesque ultrices mattis odio.');
INSERT INTO VeganTips (tipID, tip) VALUES (25, 'Nunc purus.');
INSERT INTO VeganTips (tipID, tip) VALUES (26, 'Ut at dolor quis odio consequat varius.');
INSERT INTO VeganTips (tipID, tip) VALUES (27, 'Maecenas leo odio, condimentum id, luctus nec, molestie sed, justo. Pellentesque viverra pede ac diam. Cras pellentesque volutpat dui. Maecenas tristique, est et tempus semper, est quam pharetra magna, ac consequat metus sapien ut nunc.');
INSERT INTO VeganTips (tipID, tip) VALUES (28, 'Suspendisse potenti. Nullam porttitor lacus at turpis. Donec posuere metus vitae ipsum. Aliquam non mauris. Morbi non lectus.');
INSERT INTO VeganTips (tipID, tip) VALUES (29, 'Mauris lacinia sapien quis libero. Nullam sit amet turpis elementum ligula vehicula consequat.');
INSERT INTO VeganTips (tipID, tip) VALUES (30, 'Phasellus in felis. Donec semper sapien a libero. Nam dui. Proin leo odio, porttitor id, consequat in, consequat ut, nulla. Sed accumsan felis.');
INSERT INTO VeganTips (tipID, tip) VALUES (31, 'Nunc rhoncus dui vel sem. Sed sagittis. Nam congue, risus semper porta volutpat, quam pede lobortis ligula, sit amet eleifend pede libero quis orci.');
INSERT INTO VeganTips (tipID, tip) VALUES (32, 'Nulla tempus. Vivamus in felis eu sapien cursus vestibulum. Proin eu mi. Nulla ac enim. In tempor, turpis nec euismod scelerisque, quam turpis adipiscing lorem, vitae mattis nibh ligula nec sem.');
INSERT INTO VeganTips (tipID, tip) VALUES (33, 'Morbi quis tortor id nulla ultrices aliquet. Maecenas leo odio, condimentum id, luctus nec, molestie sed, justo. Pellentesque viverra pede ac diam.');
INSERT INTO VeganTips (tipID, tip) VALUES (34, 'Pellentesque viverra pede ac diam.');
INSERT INTO VeganTips (tipID, tip) VALUES (35, 'Fusce posuere felis sed lacus. Morbi sem mauris, laoreet ut, rhoncus aliquet, pulvinar sed, nisl. Nunc rhoncus dui vel sem. Sed sagittis.');
INSERT INTO VeganTips (tipID, tip) VALUES (36, 'Nullam orci pede, venenatis non, sodales sed, tincidunt eu, felis. Fusce posuere felis sed lacus. Morbi sem mauris, laoreet ut, rhoncus aliquet, pulvinar sed, nisl. Nunc rhoncus dui vel sem.');
INSERT INTO VeganTips (tipID, tip) VALUES (37, 'Vestibulum ac est lacinia nisi venenatis tristique. Fusce congue, diam id ornare imperdiet, sapien urna pretium nisl, ut volutpat sapien arcu sed augue. Aliquam erat volutpat.');
INSERT INTO VeganTips (tipID, tip) VALUES (38, 'Etiam pretium iaculis justo. In hac habitasse platea dictumst. Etiam faucibus cursus urna. Ut tellus. Nulla ut erat id mauris vulputate elementum.');
INSERT INTO VeganTips (tipID, tip) VALUES (39, 'Vestibulum ac est lacinia nisi venenatis tristique.');
INSERT INTO VeganTips (tipID, tip) VALUES (40, 'In hac habitasse platea dictumst. Morbi vestibulum, velit id pretium iaculis, diam erat fermentum justo, nec condimentum neque sapien placerat ante. Nulla justo. Aliquam quis turpis eget elit sodales scelerisque. Mauris sit amet eros.');
INSERT INTO VeganTips (tipID, tip) VALUES (41, 'Integer a nibh. In quis justo. Maecenas rhoncus aliquam lacus. Morbi quis tortor id nulla ultrices aliquet.');
INSERT INTO VeganTips (tipID, tip) VALUES (42, 'Vivamus in felis eu sapien cursus vestibulum. Proin eu mi. Nulla ac enim. In tempor, turpis nec euismod scelerisque, quam turpis adipiscing lorem, vitae mattis nibh ligula nec sem. Duis aliquam convallis nunc.');
INSERT INTO VeganTips (tipID, tip) VALUES (43, 'Aliquam non mauris. Morbi non lectus. Aliquam sit amet diam in magna bibendum imperdiet. Nullam orci pede, venenatis non, sodales sed, tincidunt eu, felis.');
INSERT INTO VeganTips (tipID, tip) VALUES (44, 'Fusce consequat. Nulla nisl.');
INSERT INTO VeganTips (tipID, tip) VALUES (45, 'Suspendisse potenti. Cras in purus eu magna vulputate luctus. Cum sociis natoque penatibus et magnis dis parturient montes, nascetur ridiculus mus.');

INSERT INTO VeganTips_Stores (tipID, storeID) VALUES ('15', '20');
INSERT INTO VeganTips_Stores (tipID, storeID) VALUES ('29', '40');
INSERT INTO VeganTips_Stores (tipID, storeID) VALUES ('19', '23');
INSERT INTO VeganTips_Stores (tipID, storeID) VALUES ('17', '22');
INSERT INTO VeganTips_Stores (tipID, storeID) VALUES ('41', '6');
INSERT INTO VeganTips_Stores (tipID, storeID) VALUES ('31', '17');
INSERT INTO VeganTips_Stores (tipID, storeID) VALUES ('24', '1');
INSERT INTO VeganTips_Stores (tipID, storeID) VALUES ('33', '3');
INSERT INTO VeganTips_Stores (tipID, storeID) VALUES ('43', '34');
INSERT INTO VeganTips_Stores (tipID, storeID) VALUES ('22', '44');
INSERT INTO VeganTips_Stores (tipID, storeID) VALUES ('20', '2');
INSERT INTO VeganTips_Stores (tipID, storeID) VALUES ('35', '8');
INSERT INTO VeganTips_Stores (tipID, storeID) VALUES ('3', '4');
INSERT INTO VeganTips_Stores (tipID, storeID) VALUES ('8', '31');
INSERT INTO VeganTips_Stores (tipID, storeID) VALUES ('1', '14');
INSERT INTO VeganTips_Stores (tipID, storeID) VALUES ('44', '10');
INSERT INTO VeganTips_Stores (tipID, storeID) VALUES ('28', '16');
INSERT INTO VeganTips_Stores (tipID, storeID) VALUES ('13', '18');
INSERT INTO VeganTips_Stores (tipID, storeID) VALUES ('6', '39');
INSERT INTO VeganTips_Stores (tipID, storeID) VALUES ('11', '41');
INSERT INTO VeganTips_Stores (tipID, storeID) VALUES ('37', '28');
INSERT INTO VeganTips_Stores (tipID, storeID) VALUES ('34', '11');
INSERT INTO VeganTips_Stores (tipID, storeID) VALUES ('14', '7');
INSERT INTO VeganTips_Stores (tipID, storeID) VALUES ('16', '42');
INSERT INTO VeganTips_Stores (tipID, storeID) VALUES ('40', '25');
INSERT INTO VeganTips_Stores (tipID, storeID) VALUES ('26', '43');
INSERT INTO VeganTips_Stores (tipID, storeID) VALUES ('36', '33');
INSERT INTO VeganTips_Stores (tipID, storeID) VALUES ('39', '45');
INSERT INTO VeganTips_Stores (tipID, storeID) VALUES ('38', '5');
INSERT INTO VeganTips_Stores (tipID, storeID) VALUES ('2', '29');
INSERT INTO VeganTips_Stores (tipID, storeID) VALUES ('10', '37');
INSERT INTO VeganTips_Stores (tipID, storeID) VALUES ('4', '15');
INSERT INTO VeganTips_Stores (tipID, storeID) VALUES ('27', '30');
INSERT INTO VeganTips_Stores (tipID, storeID) VALUES ('9', '32');
INSERT INTO VeganTips_Stores (tipID, storeID) VALUES ('5', '12');
INSERT INTO VeganTips_Stores (tipID, storeID) VALUES ('25', '21');
INSERT INTO VeganTips_Stores (tipID, storeID) VALUES ('30', '9');
INSERT INTO VeganTips_Stores (tipID, storeID) VALUES ('42', '24');
INSERT INTO VeganTips_Stores (tipID, storeID) VALUES ('32', '26');
INSERT INTO VeganTips_Stores (tipID, storeID) VALUES ('7', '19');
INSERT INTO VeganTips_Stores (tipID, storeID) VALUES ('12', '13');
INSERT INTO VeganTips_Stores (tipID, storeID) VALUES ('18', '27');
INSERT INTO VeganTips_Stores (tipID, storeID) VALUES ('23', '36');
INSERT INTO VeganTips_Stores (tipID, storeID) VALUES ('21', '38');
INSERT INTO VeganTips_Stores (tipID, storeID) VALUES ('45', '35');
INSERT INTO VeganTips_Stores (tipID, storeID) VALUES ('27', '31');
INSERT INTO VeganTips_Stores (tipID, storeID) VALUES ('3', '9');
INSERT INTO VeganTips_Stores (tipID, storeID) VALUES ('42', '35');
INSERT INTO VeganTips_Stores (tipID, storeID) VALUES ('41', '29');
INSERT INTO VeganTips_Stores (tipID, storeID) VALUES ('10', '42');
INSERT INTO VeganTips_Stores (tipID, storeID) VALUES ('18', '22');
INSERT INTO VeganTips_Stores (tipID, storeID) VALUES ('37', '19');
INSERT INTO VeganTips_Stores (tipID, storeID) VALUES ('21', '2');
INSERT INTO VeganTips_Stores (tipID, storeID) VALUES ('9', '4');
INSERT INTO VeganTips_Stores (tipID, storeID) VALUES ('6', '34');
INSERT INTO VeganTips_Stores (tipID, storeID) VALUES ('2', '13');
INSERT INTO VeganTips_Stores (tipID, storeID) VALUES ('38', '39');
INSERT INTO VeganTips_Stores (tipID, storeID) VALUES ('11', '26');
INSERT INTO VeganTips_Stores (tipID, storeID) VALUES ('14', '37');
INSERT INTO VeganTips_Stores (tipID, storeID) VALUES ('32', '44');
INSERT INTO VeganTips_Stores (tipID, storeID) VALUES ('14', '18');
INSERT INTO VeganTips_Stores (tipID, storeID) VALUES ('1', '15');
INSERT INTO VeganTips_Stores (tipID, storeID) VALUES ('8', '1');
INSERT INTO VeganTips_Stores (tipID, storeID) VALUES ('30', '8');
INSERT INTO VeganTips_Stores (tipID, storeID) VALUES ('40', '24');
INSERT INTO VeganTips_Stores (tipID, storeID) VALUES ('43', '14');
INSERT INTO VeganTips_Stores (tipID, storeID) VALUES ('5', '38');
INSERT INTO VeganTips_Stores (tipID, storeID) VALUES ('38', '45');
INSERT INTO VeganTips_Stores (tipID, storeID) VALUES ('33', '12');
INSERT INTO VeganTips_Stores (tipID, storeID) VALUES ('17', '43');
INSERT INTO VeganTips_Stores (tipID, storeID) VALUES ('24', '33');
INSERT INTO VeganTips_Stores (tipID, storeID) VALUES ('12', '30');
INSERT INTO VeganTips_Stores (tipID, storeID) VALUES ('44', '11');
INSERT INTO VeganTips_Stores (tipID, storeID) VALUES ('26', '20');
INSERT INTO VeganTips_Stores (tipID, storeID) VALUES ('23', '5');
INSERT INTO VeganTips_Stores (tipID, storeID) VALUES ('25', '3');
INSERT INTO VeganTips_Stores (tipID, storeID) VALUES ('35', '36');
INSERT INTO VeganTips_Stores (tipID, storeID) VALUES ('29', '27');
INSERT INTO VeganTips_Stores (tipID, storeID) VALUES ('19', '32');
INSERT INTO VeganTips_Stores (tipID, storeID) VALUES ('20', '7');
INSERT INTO VeganTips_Stores (tipID, storeID) VALUES ('36', '28');
INSERT INTO VeganTips_Stores (tipID, storeID) VALUES ('16', '23');
INSERT INTO VeganTips_Stores (tipID, storeID) VALUES ('15', '25');
INSERT INTO VeganTips_Stores (tipID, storeID) VALUES ('4', '41');
INSERT INTO VeganTips_Stores (tipID, storeID) VALUES ('22', '6');
INSERT INTO VeganTips_Stores (tipID, storeID) VALUES ('34', '17');
INSERT INTO VeganTips_Stores (tipID, storeID) VALUES ('7', '10');
INSERT INTO VeganTips_Stores (tipID, storeID) VALUES ('28', '21');
INSERT INTO VeganTips_Stores (tipID, storeID) VALUES ('45', '16');
INSERT INTO VeganTips_Stores (tipID, storeID) VALUES ('31', '40');
INSERT INTO VeganTips_Stores (tipID, storeID) VALUES ('45', '3');
INSERT INTO VeganTips_Stores (tipID, storeID) VALUES ('3', '35');
INSERT INTO VeganTips_Stores (tipID, storeID) VALUES ('20', '31');
INSERT INTO VeganTips_Stores (tipID, storeID) VALUES ('1', '6');
INSERT INTO VeganTips_Stores (tipID, storeID) VALUES ('7', '26');
INSERT INTO VeganTips_Stores (tipID, storeID) VALUES ('40', '9');
INSERT INTO VeganTips_Stores (tipID, storeID) VALUES ('2', '30');
INSERT INTO VeganTips_Stores (tipID, storeID) VALUES ('33', '13');
INSERT INTO VeganTips_Stores (tipID, storeID) VALUES ('37', '20');
INSERT INTO VeganTips_Stores (tipID, storeID) VALUES ('19', '36');
INSERT INTO VeganTips_Stores (tipID, storeID) VALUES ('38', '43');
INSERT INTO VeganTips_Stores (tipID, storeID) VALUES ('44', '16');
INSERT INTO VeganTips_Stores (tipID, storeID) VALUES ('14', '15');
INSERT INTO VeganTips_Stores (tipID, storeID) VALUES ('25', '8');
INSERT INTO VeganTips_Stores (tipID, storeID) VALUES ('6', '23');
INSERT INTO VeganTips_Stores (tipID, storeID) VALUES ('18', '14');
INSERT INTO VeganTips_Stores (tipID, storeID) VALUES ('43', '41');
INSERT INTO VeganTips_Stores (tipID, storeID) VALUES ('24', '18');
INSERT INTO VeganTips_Stores (tipID, storeID) VALUES ('35', '38');
INSERT INTO VeganTips_Stores (tipID, storeID) VALUES ('30', '10');
INSERT INTO VeganTips_Stores (tipID, storeID) VALUES ('10', '11');
INSERT INTO VeganTips_Stores (tipID, storeID) VALUES ('41', '19');
INSERT INTO VeganTips_Stores (tipID, storeID) VALUES ('36', '17');
INSERT INTO VeganTips_Stores (tipID, storeID) VALUES ('42', '32');
INSERT INTO VeganTips_Stores (tipID, storeID) VALUES ('32', '12');
INSERT INTO VeganTips_Stores (tipID, storeID) VALUES ('26', '34');
INSERT INTO VeganTips_Stores (tipID, storeID) VALUES ('31', '42');
INSERT INTO VeganTips_Stores (tipID, storeID) VALUES ('23', '33');
INSERT INTO VeganTips_Stores (tipID, storeID) VALUES ('16', '44');
INSERT INTO VeganTips_Stores (tipID, storeID) VALUES ('34', '4');
INSERT INTO VeganTips_Stores (tipID, storeID) VALUES ('9', '39');
INSERT INTO VeganTips_Stores (tipID, storeID) VALUES ('21', '5');
INSERT INTO VeganTips_Stores (tipID, storeID) VALUES ('13', '25');
INSERT INTO VeganTips_Stores (tipID, storeID) VALUES ('39', '7');
INSERT INTO VeganTips_Stores (tipID, storeID) VALUES ('11', '1');
INSERT INTO VeganTips_Stores (tipID, storeID) VALUES ('15', '45');
INSERT INTO VeganTips_Stores (tipID, storeID) VALUES ('27', '27');
INSERT INTO VeganTips_Stores (tipID, storeID) VALUES ('8', '21');
INSERT INTO VeganTips_Stores (tipID, storeID) VALUES ('22', '40');
INSERT INTO VeganTips_Stores (tipID, storeID) VALUES ('12', '28');
INSERT INTO VeganTips_Stores (tipID, storeID) VALUES ('28', '29');
INSERT INTO VeganTips_Stores (tipID, storeID) VALUES ('5', '37');
INSERT INTO VeganTips_Stores (tipID, storeID) VALUES ('29', '24');
INSERT INTO VeganTips_Stores (tipID, storeID) VALUES ('11', '22');
INSERT INTO VeganTips_Stores (tipID, storeID) VALUES ('4', '2');
INSERT INTO VeganTips_Stores (tipID, storeID) VALUES ('6', '11');
INSERT INTO VeganTips_Stores (tipID, storeID) VALUES ('3', '36');
INSERT INTO VeganTips_Stores (tipID, storeID) VALUES ('37', '16');
INSERT INTO VeganTips_Stores (tipID, storeID) VALUES ('20', '26');
INSERT INTO VeganTips_Stores (tipID, storeID) VALUES ('22', '34');
INSERT INTO VeganTips_Stores (tipID, storeID) VALUES ('9', '10');
INSERT INTO VeganTips_Stores (tipID, storeID) VALUES ('33', '27');
INSERT INTO VeganTips_Stores (tipID, storeID) VALUES ('8', '7');
INSERT INTO VeganTips_Stores (tipID, storeID) VALUES ('39', '29');
INSERT INTO VeganTips_Stores (tipID, storeID) VALUES ('32', '5');
INSERT INTO VeganTips_Stores (tipID, storeID) VALUES ('12', '18');
INSERT INTO VeganTips_Stores (tipID, storeID) VALUES ('45', '12');
INSERT INTO VeganTips_Stores (tipID, storeID) VALUES ('7', '35');
INSERT INTO VeganTips_Stores (tipID, storeID) VALUES ('44', '45');
INSERT INTO VeganTips_Stores (tipID, storeID) VALUES ('14', '28');
INSERT INTO VeganTips_Stores (tipID, storeID) VALUES ('5', '30');
INSERT INTO VeganTips_Stores (tipID, storeID) VALUES ('18', '13');
INSERT INTO VeganTips_Stores (tipID, storeID) VALUES ('40', '20');
INSERT INTO VeganTips_Stores (tipID, storeID) VALUES ('36', '41');
INSERT INTO VeganTips_Stores (tipID, storeID) VALUES ('34', '1');
INSERT INTO VeganTips_Stores (tipID, storeID) VALUES ('38', '44');
INSERT INTO VeganTips_Stores (tipID, storeID) VALUES ('25', '43');
INSERT INTO VeganTips_Stores (tipID, storeID) VALUES ('42', '31');
INSERT INTO VeganTips_Stores (tipID, storeID) VALUES ('19', '33');
INSERT INTO VeganTips_Stores (tipID, storeID) VALUES ('2', '39');
INSERT INTO VeganTips_Stores (tipID, storeID) VALUES ('17', '2');
INSERT INTO VeganTips_Stores (tipID, storeID) VALUES ('41', '17');
INSERT INTO VeganTips_Stores (tipID, storeID) VALUES ('23', '23');
INSERT INTO VeganTips_Stores (tipID, storeID) VALUES ('1', '38');
INSERT INTO VeganTips_Stores (tipID, storeID) VALUES ('11', '37');
INSERT INTO VeganTips_Stores (tipID, storeID) VALUES ('24', '32');
INSERT INTO VeganTips_Stores (tipID, storeID) VALUES ('13', '14');
INSERT INTO VeganTips_Stores (tipID, storeID) VALUES ('10', '24');
INSERT INTO VeganTips_Stores (tipID, storeID) VALUES ('35', '42');
INSERT INTO VeganTips_Stores (tipID, storeID) VALUES ('21', '9');
INSERT INTO VeganTips_Stores (tipID, storeID) VALUES ('43', '15');
INSERT INTO VeganTips_Stores (tipID, storeID) VALUES ('15', '21');
INSERT INTO VeganTips_Stores (tipID, storeID) VALUES ('26', '19');
INSERT INTO VeganTips_Stores (tipID, storeID) VALUES ('29', '25');
INSERT INTO VeganTips_Stores (tipID, storeID) VALUES ('28', '4');
INSERT INTO VeganTips_Stores (tipID, storeID) VALUES ('32', '40');
INSERT INTO VeganTips_Stores (tipID, storeID) VALUES ('30', '6');
INSERT INTO VeganTips_Stores (tipID, storeID) VALUES ('27', '22');
INSERT INTO VeganTips_Stores (tipID, storeID) VALUES ('16', '8');
INSERT INTO VeganTips_Stores (tipID, storeID) VALUES ('4', '3');
INSERT INTO VeganTips_Stores (tipID, storeID) VALUES ('32', '6');
INSERT INTO VeganTips_Stores (tipID, storeID) VALUES ('31', '29');
INSERT INTO VeganTips_Stores (tipID, storeID) VALUES ('43', '31');
INSERT INTO VeganTips_Stores (tipID, storeID) VALUES ('42', '17');
INSERT INTO VeganTips_Stores (tipID, storeID) VALUES ('28', '18');
INSERT INTO VeganTips_Stores (tipID, storeID) VALUES ('33', '30');
INSERT INTO VeganTips_Stores (tipID, storeID) VALUES ('11', '38');
INSERT INTO VeganTips_Stores (tipID, storeID) VALUES ('20', '22');
INSERT INTO VeganTips_Stores (tipID, storeID) VALUES ('1', '12');
INSERT INTO VeganTips_Stores (tipID, storeID) VALUES ('9', '13');
INSERT INTO VeganTips_Stores (tipID, storeID) VALUES ('17', '24');
INSERT INTO VeganTips_Stores (tipID, storeID) VALUES ('18', '40');
INSERT INTO VeganTips_Stores (tipID, storeID) VALUES ('7', '9');
INSERT INTO VeganTips_Stores (tipID, storeID) VALUES ('24', '45');
INSERT INTO VeganTips_Stores (tipID, storeID) VALUES ('34', '28');
INSERT INTO VeganTips_Stores (tipID, storeID) VALUES ('30', '43');
INSERT INTO VeganTips_Stores (tipID, storeID) VALUES ('40', '39');
INSERT INTO VeganTips_Stores (tipID, storeID) VALUES ('29', '37');
INSERT INTO VeganTips_Stores (tipID, storeID) VALUES ('38', '33');
INSERT INTO VeganTips_Stores (tipID, storeID) VALUES ('12', '41');

INSERT INTO WorkoutTrackers_Routines (workoutID, routineID) VALUES ('25', '9');
INSERT INTO WorkoutTrackers_Routines (workoutID, routineID) VALUES ('40', '11');
INSERT INTO WorkoutTrackers_Routines (workoutID, routineID) VALUES ('45', '40');
INSERT INTO WorkoutTrackers_Routines (workoutID, routineID) VALUES ('4', '34');
INSERT INTO WorkoutTrackers_Routines (workoutID, routineID) VALUES ('2', '26');
INSERT INTO WorkoutTrackers_Routines (workoutID, routineID) VALUES ('38', '42');
INSERT INTO WorkoutTrackers_Routines (workoutID, routineID) VALUES ('7', '3');
INSERT INTO WorkoutTrackers_Routines (workoutID, routineID) VALUES ('5', '43');
INSERT INTO WorkoutTrackers_Routines (workoutID, routineID) VALUES ('36', '38');
INSERT INTO WorkoutTrackers_Routines (workoutID, routineID) VALUES ('3', '37');
INSERT INTO WorkoutTrackers_Routines (workoutID, routineID) VALUES ('10', '1');
INSERT INTO WorkoutTrackers_Routines (workoutID, routineID) VALUES ('15', '28');
INSERT INTO WorkoutTrackers_Routines (workoutID, routineID) VALUES ('1', '2');
INSERT INTO WorkoutTrackers_Routines (workoutID, routineID) VALUES ('42', '24');
INSERT INTO WorkoutTrackers_Routines (workoutID, routineID) VALUES ('30', '5');
INSERT INTO WorkoutTrackers_Routines (workoutID, routineID) VALUES ('16', '41');
INSERT INTO WorkoutTrackers_Routines (workoutID, routineID) VALUES ('37', '14');
INSERT INTO WorkoutTrackers_Routines (workoutID, routineID) VALUES ('24', '15');
INSERT INTO WorkoutTrackers_Routines (workoutID, routineID) VALUES ('29', '36');
INSERT INTO WorkoutTrackers_Routines (workoutID, routineID) VALUES ('32', '13');
INSERT INTO WorkoutTrackers_Routines (workoutID, routineID) VALUES ('14', '6');
INSERT INTO WorkoutTrackers_Routines (workoutID, routineID) VALUES ('34', '8');
INSERT INTO WorkoutTrackers_Routines (workoutID, routineID) VALUES ('31', '25');
INSERT INTO WorkoutTrackers_Routines (workoutID, routineID) VALUES ('19', '18');
INSERT INTO WorkoutTrackers_Routines (workoutID, routineID) VALUES ('33', '19');
INSERT INTO WorkoutTrackers_Routines (workoutID, routineID) VALUES ('18', '10');
INSERT INTO WorkoutTrackers_Routines (workoutID, routineID) VALUES ('28', '29');
INSERT INTO WorkoutTrackers_Routines (workoutID, routineID) VALUES ('43', '44');
INSERT INTO WorkoutTrackers_Routines (workoutID, routineID) VALUES ('22', '35');
INSERT INTO WorkoutTrackers_Routines (workoutID, routineID) VALUES ('6', '30');
INSERT INTO WorkoutTrackers_Routines (workoutID, routineID) VALUES ('20', '17');
INSERT INTO WorkoutTrackers_Routines (workoutID, routineID) VALUES ('39', '7');
INSERT INTO WorkoutTrackers_Routines (workoutID, routineID) VALUES ('12', '32');
INSERT INTO WorkoutTrackers_Routines (workoutID, routineID) VALUES ('17', '12');
INSERT INTO WorkoutTrackers_Routines (workoutID, routineID) VALUES ('9', '20');
INSERT INTO WorkoutTrackers_Routines (workoutID, routineID) VALUES ('41', '33');
INSERT INTO WorkoutTrackers_Routines (workoutID, routineID) VALUES ('21', '27');
INSERT INTO WorkoutTrackers_Routines (workoutID, routineID) VALUES ('11', '39');
INSERT INTO WorkoutTrackers_Routines (workoutID, routineID) VALUES ('35', '31');
INSERT INTO WorkoutTrackers_Routines (workoutID, routineID) VALUES ('27', '21');
INSERT INTO WorkoutTrackers_Routines (workoutID, routineID) VALUES ('13', '22');
INSERT INTO WorkoutTrackers_Routines (workoutID, routineID) VALUES ('44', '16');
INSERT INTO WorkoutTrackers_Routines (workoutID, routineID) VALUES ('23', '23');
INSERT INTO WorkoutTrackers_Routines (workoutID, routineID) VALUES ('8', '45');
INSERT INTO WorkoutTrackers_Routines (workoutID, routineID) VALUES ('26', '4');
INSERT INTO WorkoutTrackers_Routines (workoutID, routineID) VALUES ('36', '28');
INSERT INTO WorkoutTrackers_Routines (workoutID, routineID) VALUES ('8', '2');
INSERT INTO WorkoutTrackers_Routines (workoutID, routineID) VALUES ('33', '7');
INSERT INTO WorkoutTrackers_Routines (workoutID, routineID) VALUES ('23', '38');
INSERT INTO WorkoutTrackers_Routines (workoutID, routineID) VALUES ('6', '25');
INSERT INTO WorkoutTrackers_Routines (workoutID, routineID) VALUES ('7', '1');
INSERT INTO WorkoutTrackers_Routines (workoutID, routineID) VALUES ('16', '3');
INSERT INTO WorkoutTrackers_Routines (workoutID, routineID) VALUES ('32', '20');
INSERT INTO WorkoutTrackers_Routines (workoutID, routineID) VALUES ('10', '33');
INSERT INTO WorkoutTrackers_Routines (workoutID, routineID) VALUES ('20', '21');
INSERT INTO WorkoutTrackers_Routines (workoutID, routineID) VALUES ('12', '24');
INSERT INTO WorkoutTrackers_Routines (workoutID, routineID) VALUES ('26', '12');
INSERT INTO WorkoutTrackers_Routines (workoutID, routineID) VALUES ('28', '6');
INSERT INTO WorkoutTrackers_Routines (workoutID, routineID) VALUES ('31', '44');
INSERT INTO WorkoutTrackers_Routines (workoutID, routineID) VALUES ('5', '14');
INSERT INTO WorkoutTrackers_Routines (workoutID, routineID) VALUES ('15', '42');
INSERT INTO WorkoutTrackers_Routines (workoutID, routineID) VALUES ('30', '18');
INSERT INTO WorkoutTrackers_Routines (workoutID, routineID) VALUES ('24', '8');
INSERT INTO WorkoutTrackers_Routines (workoutID, routineID) VALUES ('44', '39');
INSERT INTO WorkoutTrackers_Routines (workoutID, routineID) VALUES ('1', '9');
INSERT INTO WorkoutTrackers_Routines (workoutID, routineID) VALUES ('18', '32');
INSERT INTO WorkoutTrackers_Routines (workoutID, routineID) VALUES ('4', '5');
INSERT INTO WorkoutTrackers_Routines (workoutID, routineID) VALUES ('21', '30');
INSERT INTO WorkoutTrackers_Routines (workoutID, routineID) VALUES ('42', '11');
INSERT INTO WorkoutTrackers_Routines (workoutID, routineID) VALUES ('25', '26');
INSERT INTO WorkoutTrackers_Routines (workoutID, routineID) VALUES ('9', '16');
INSERT INTO WorkoutTrackers_Routines (workoutID, routineID) VALUES ('11', '41');
INSERT INTO WorkoutTrackers_Routines (workoutID, routineID) VALUES ('17', '31');
INSERT INTO WorkoutTrackers_Routines (workoutID, routineID) VALUES ('38', '13');
INSERT INTO WorkoutTrackers_Routines (workoutID, routineID) VALUES ('2', '43');
INSERT INTO WorkoutTrackers_Routines (workoutID, routineID) VALUES ('35', '23');
INSERT INTO WorkoutTrackers_Routines (workoutID, routineID) VALUES ('39', '40');
INSERT INTO WorkoutTrackers_Routines (workoutID, routineID) VALUES ('37', '35');
INSERT INTO WorkoutTrackers_Routines (workoutID, routineID) VALUES ('19', '15');
INSERT INTO WorkoutTrackers_Routines (workoutID, routineID) VALUES ('40', '17');
INSERT INTO WorkoutTrackers_Routines (workoutID, routineID) VALUES ('22', '45');
INSERT INTO WorkoutTrackers_Routines (workoutID, routineID) VALUES ('27', '34');
INSERT INTO WorkoutTrackers_Routines (workoutID, routineID) VALUES ('43', '22');
INSERT INTO WorkoutTrackers_Routines (workoutID, routineID) VALUES ('14', '36');
INSERT INTO WorkoutTrackers_Routines (workoutID, routineID) VALUES ('3', '29');
INSERT INTO WorkoutTrackers_Routines (workoutID, routineID) VALUES ('13', '4');
INSERT INTO WorkoutTrackers_Routines (workoutID, routineID) VALUES ('29', '10');
INSERT INTO WorkoutTrackers_Routines (workoutID, routineID) VALUES ('45', '19');
INSERT INTO WorkoutTrackers_Routines (workoutID, routineID) VALUES ('34', '27');
INSERT INTO WorkoutTrackers_Routines (workoutID, routineID) VALUES ('41', '37');
INSERT INTO WorkoutTrackers_Routines (workoutID, routineID) VALUES ('31', '16');
INSERT INTO WorkoutTrackers_Routines (workoutID, routineID) VALUES ('23', '35');
INSERT INTO WorkoutTrackers_Routines (workoutID, routineID) VALUES ('32', '14');
INSERT INTO WorkoutTrackers_Routines (workoutID, routineID) VALUES ('6', '21');
INSERT INTO WorkoutTrackers_Routines (workoutID, routineID) VALUES ('23', '17');
INSERT INTO WorkoutTrackers_Routines (workoutID, routineID) VALUES ('27', '1');
INSERT INTO WorkoutTrackers_Routines (workoutID, routineID) VALUES ('18', '18');
INSERT INTO WorkoutTrackers_Routines (workoutID, routineID) VALUES ('28', '22');
INSERT INTO WorkoutTrackers_Routines (workoutID, routineID) VALUES ('11', '13');
INSERT INTO WorkoutTrackers_Routines (workoutID, routineID) VALUES ('3', '5');
INSERT INTO WorkoutTrackers_Routines (workoutID, routineID) VALUES ('24', '45');
INSERT INTO WorkoutTrackers_Routines (workoutID, routineID) VALUES ('39', '8');
INSERT INTO WorkoutTrackers_Routines (workoutID, routineID) VALUES ('7', '7');
INSERT INTO WorkoutTrackers_Routines (workoutID, routineID) VALUES ('38', '33');
INSERT INTO WorkoutTrackers_Routines (workoutID, routineID) VALUES ('43', '40');
INSERT INTO WorkoutTrackers_Routines (workoutID, routineID) VALUES ('9', '39');
INSERT INTO WorkoutTrackers_Routines (workoutID, routineID) VALUES ('17', '29');
INSERT INTO WorkoutTrackers_Routines (workoutID, routineID) VALUES ('40', '20');
INSERT INTO WorkoutTrackers_Routines (workoutID, routineID) VALUES ('2', '11');
INSERT INTO WorkoutTrackers_Routines (workoutID, routineID) VALUES ('10', '44');
INSERT INTO WorkoutTrackers_Routines (workoutID, routineID) VALUES ('26', '24');
INSERT INTO WorkoutTrackers_Routines (workoutID, routineID) VALUES ('14', '43');
INSERT INTO WorkoutTrackers_Routines (workoutID, routineID) VALUES ('25', '34');
INSERT INTO WorkoutTrackers_Routines (workoutID, routineID) VALUES ('44', '26');
INSERT INTO WorkoutTrackers_Routines (workoutID, routineID) VALUES ('35', '30');
INSERT INTO WorkoutTrackers_Routines (workoutID, routineID) VALUES ('30', '15');
INSERT INTO WorkoutTrackers_Routines (workoutID, routineID) VALUES ('4', '4');
INSERT INTO WorkoutTrackers_Routines (workoutID, routineID) VALUES ('29', '37');
INSERT INTO WorkoutTrackers_Routines (workoutID, routineID) VALUES ('16', '28');
INSERT INTO WorkoutTrackers_Routines (workoutID, routineID) VALUES ('19', '36');
INSERT INTO WorkoutTrackers_Routines (workoutID, routineID) VALUES ('45', '42');
INSERT INTO WorkoutTrackers_Routines (workoutID, routineID) VALUES ('16', '12');
INSERT INTO WorkoutTrackers_Routines (workoutID, routineID) VALUES ('12', '27');
INSERT INTO WorkoutTrackers_Routines (workoutID, routineID) VALUES ('34', '2');
INSERT INTO WorkoutTrackers_Routines (workoutID, routineID) VALUES ('5', '41');
INSERT INTO WorkoutTrackers_Routines (workoutID, routineID) VALUES ('21', '9');
INSERT INTO WorkoutTrackers_Routines (workoutID, routineID) VALUES ('8', '25');
INSERT INTO WorkoutTrackers_Routines (workoutID, routineID) VALUES ('41', '31');
INSERT INTO WorkoutTrackers_Routines (workoutID, routineID) VALUES ('1', '3');
INSERT INTO WorkoutTrackers_Routines (workoutID, routineID) VALUES ('37', '10');
INSERT INTO WorkoutTrackers_Routines (workoutID, routineID) VALUES ('33', '23');
INSERT INTO WorkoutTrackers_Routines (workoutID, routineID) VALUES ('20', '19');
INSERT INTO WorkoutTrackers_Routines (workoutID, routineID) VALUES ('42', '32');
INSERT INTO WorkoutTrackers_Routines (workoutID, routineID) VALUES ('13', '6');
INSERT INTO WorkoutTrackers_Routines (workoutID, routineID) VALUES ('18', '25');
INSERT INTO WorkoutTrackers_Routines (workoutID, routineID) VALUES ('35', '38');
INSERT INTO WorkoutTrackers_Routines (workoutID, routineID) VALUES ('11', '44');
INSERT INTO WorkoutTrackers_Routines (workoutID, routineID) VALUES ('30', '6');
INSERT INTO WorkoutTrackers_Routines (workoutID, routineID) VALUES ('17', '7');
INSERT INTO WorkoutTrackers_Routines (workoutID, routineID) VALUES ('20', '14');
INSERT INTO WorkoutTrackers_Routines (workoutID, routineID) VALUES ('33', '20');
INSERT INTO WorkoutTrackers_Routines (workoutID, routineID) VALUES ('12', '10');
INSERT INTO WorkoutTrackers_Routines (workoutID, routineID) VALUES ('6', '22');
INSERT INTO WorkoutTrackers_Routines (workoutID, routineID) VALUES ('42', '37');
INSERT INTO WorkoutTrackers_Routines (workoutID, routineID) VALUES ('35', '45');
INSERT INTO WorkoutTrackers_Routines (workoutID, routineID) VALUES ('3', '38');
INSERT INTO WorkoutTrackers_Routines (workoutID, routineID) VALUES ('36', '33');
INSERT INTO WorkoutTrackers_Routines (workoutID, routineID) VALUES ('27', '36');
INSERT INTO WorkoutTrackers_Routines (workoutID, routineID) VALUES ('7', '39');
INSERT INTO WorkoutTrackers_Routines (workoutID, routineID) VALUES ('29', '9');
INSERT INTO WorkoutTrackers_Routines (workoutID, routineID) VALUES ('43', '19');
INSERT INTO WorkoutTrackers_Routines (workoutID, routineID) VALUES ('27', '24');
INSERT INTO WorkoutTrackers_Routines (workoutID, routineID) VALUES ('4', '1');
INSERT INTO WorkoutTrackers_Routines (workoutID, routineID) VALUES ('10', '18');
INSERT INTO WorkoutTrackers_Routines (workoutID, routineID) VALUES ('9', '26');
INSERT INTO WorkoutTrackers_Routines (workoutID, routineID) VALUES ('38', '30');
INSERT INTO WorkoutTrackers_Routines (workoutID, routineID) VALUES ('22', '5');
INSERT INTO WorkoutTrackers_Routines (workoutID, routineID) VALUES ('8', '28');
INSERT INTO WorkoutTrackers_Routines (workoutID, routineID) VALUES ('16', '31');
INSERT INTO WorkoutTrackers_Routines (workoutID, routineID) VALUES ('19', '4');
INSERT INTO WorkoutTrackers_Routines (workoutID, routineID) VALUES ('24', '27');
INSERT INTO WorkoutTrackers_Routines (workoutID, routineID) VALUES ('15', '29');
INSERT INTO WorkoutTrackers_Routines (workoutID, routineID) VALUES ('21', '21');
INSERT INTO WorkoutTrackers_Routines (workoutID, routineID) VALUES ('5', '13');
INSERT INTO WorkoutTrackers_Routines (workoutID, routineID) VALUES ('34', '40');
INSERT INTO WorkoutTrackers_Routines (workoutID, routineID) VALUES ('2', '8');
INSERT INTO WorkoutTrackers_Routines (workoutID, routineID) VALUES ('13', '15');
INSERT INTO WorkoutTrackers_Routines (workoutID, routineID) VALUES ('39', '43');
INSERT INTO WorkoutTrackers_Routines (workoutID, routineID) VALUES ('44', '17');
INSERT INTO WorkoutTrackers_Routines (workoutID, routineID) VALUES ('45', '35');
INSERT INTO WorkoutTrackers_Routines (workoutID, routineID) VALUES ('28', '16');
INSERT INTO WorkoutTrackers_Routines (workoutID, routineID) VALUES ('40', '32');
INSERT INTO WorkoutTrackers_Routines (workoutID, routineID) VALUES ('37', '11');
INSERT INTO WorkoutTrackers_Routines (workoutID, routineID) VALUES ('33', '34');
INSERT INTO WorkoutTrackers_Routines (workoutID, routineID) VALUES ('23', '2');
INSERT INTO WorkoutTrackers_Routines (workoutID, routineID) VALUES ('14', '23');
INSERT INTO WorkoutTrackers_Routines (workoutID, routineID) VALUES ('31', '3');
INSERT INTO WorkoutTrackers_Routines (workoutID, routineID) VALUES ('1', '41');
INSERT INTO WorkoutTrackers_Routines (workoutID, routineID) VALUES ('41', '42');
INSERT INTO WorkoutTrackers_Routines (workoutID, routineID) VALUES ('25', '12');
INSERT INTO WorkoutTrackers_Routines (workoutID, routineID) VALUES ('29', '11');
INSERT INTO WorkoutTrackers_Routines (workoutID, routineID) VALUES ('44', '21');
INSERT INTO WorkoutTrackers_Routines (workoutID, routineID) VALUES ('10', '16');
INSERT INTO WorkoutTrackers_Routines (workoutID, routineID) VALUES ('4', '23');
INSERT INTO WorkoutTrackers_Routines (workoutID, routineID) VALUES ('42', '30');
INSERT INTO WorkoutTrackers_Routines (workoutID, routineID) VALUES ('33', '44');
INSERT INTO WorkoutTrackers_Routines (workoutID, routineID) VALUES ('39', '28');
INSERT INTO WorkoutTrackers_Routines (workoutID, routineID) VALUES ('26', '17');
INSERT INTO WorkoutTrackers_Routines (workoutID, routineID) VALUES ('20', '13');
INSERT INTO WorkoutTrackers_Routines (workoutID, routineID) VALUES ('14', '42');
INSERT INTO WorkoutTrackers_Routines (workoutID, routineID) VALUES ('38', '3');
INSERT INTO WorkoutTrackers_Routines (workoutID, routineID) VALUES ('30', '4');
INSERT INTO WorkoutTrackers_Routines (workoutID, routineID) VALUES ('3', '35');
INSERT INTO WorkoutTrackers_Routines (workoutID, routineID) VALUES ('25', '36');
INSERT INTO WorkoutTrackers_Routines (workoutID, routineID) VALUES ('31', '27');
INSERT INTO WorkoutTrackers_Routines (workoutID, routineID) VALUES ('1', '10');
INSERT INTO WorkoutTrackers_Routines (workoutID, routineID) VALUES ('15', '8');
INSERT INTO WorkoutTrackers_Routines (workoutID, routineID) VALUES ('35', '43');
INSERT INTO WorkoutTrackers_Routines (workoutID, routineID) VALUES ('36', '39');
INSERT INTO WorkoutTrackers_Routines (workoutID, routineID) VALUES ('19', '41');

INSERT INTO Routines_Exercises (routineID, exerciseID) VALUES ('22', '42');
INSERT INTO Routines_Exercises (routineID, exerciseID) VALUES ('12', '37');
INSERT INTO Routines_Exercises (routineID, exerciseID) VALUES ('41', '26');
INSERT INTO Routines_Exercises (routineID, exerciseID) VALUES ('24', '10');
INSERT INTO Routines_Exercises (routineID, exerciseID) VALUES ('43', '31');
INSERT INTO Routines_Exercises (routineID, exerciseID) VALUES ('1', '9');
INSERT INTO Routines_Exercises (routineID, exerciseID) VALUES ('42', '7');
INSERT INTO Routines_Exercises (routineID, exerciseID) VALUES ('7', '11');
INSERT INTO Routines_Exercises (routineID, exerciseID) VALUES ('14', '35');
INSERT INTO Routines_Exercises (routineID, exerciseID) VALUES ('44', '8');
INSERT INTO Routines_Exercises (routineID, exerciseID) VALUES ('26', '45');
INSERT INTO Routines_Exercises (routineID, exerciseID) VALUES ('16', '36');
INSERT INTO Routines_Exercises (routineID, exerciseID) VALUES ('4', '18');
INSERT INTO Routines_Exercises (routineID, exerciseID) VALUES ('10', '5');
INSERT INTO Routines_Exercises (routineID, exerciseID) VALUES ('40', '25');
INSERT INTO Routines_Exercises (routineID, exerciseID) VALUES ('19', '20');
INSERT INTO Routines_Exercises (routineID, exerciseID) VALUES ('31', '30');
INSERT INTO Routines_Exercises (routineID, exerciseID) VALUES ('25', '2');
INSERT INTO Routines_Exercises (routineID, exerciseID) VALUES ('9', '39');
INSERT INTO Routines_Exercises (routineID, exerciseID) VALUES ('30', '15');
INSERT INTO Routines_Exercises (routineID, exerciseID) VALUES ('39', '17');
INSERT INTO Routines_Exercises (routineID, exerciseID) VALUES ('35', '16');
INSERT INTO Routines_Exercises (routineID, exerciseID) VALUES ('17', '43');
INSERT INTO Routines_Exercises (routineID, exerciseID) VALUES ('21', '14');
INSERT INTO Routines_Exercises (routineID, exerciseID) VALUES ('8', '1');
INSERT INTO Routines_Exercises (routineID, exerciseID) VALUES ('13', '19');
INSERT INTO Routines_Exercises (routineID, exerciseID) VALUES ('2', '21');
INSERT INTO Routines_Exercises (routineID, exerciseID) VALUES ('6', '6');
INSERT INTO Routines_Exercises (routineID, exerciseID) VALUES ('38', '24');
INSERT INTO Routines_Exercises (routineID, exerciseID) VALUES ('28', '13');
INSERT INTO Routines_Exercises (routineID, exerciseID) VALUES ('27', '28');
INSERT INTO Routines_Exercises (routineID, exerciseID) VALUES ('23', '34');
INSERT INTO Routines_Exercises (routineID, exerciseID) VALUES ('36', '23');
INSERT INTO Routines_Exercises (routineID, exerciseID) VALUES ('32', '3');
INSERT INTO Routines_Exercises (routineID, exerciseID) VALUES ('20', '27');
INSERT INTO Routines_Exercises (routineID, exerciseID) VALUES ('18', '29');
INSERT INTO Routines_Exercises (routineID, exerciseID) VALUES ('29', '22');
INSERT INTO Routines_Exercises (routineID, exerciseID) VALUES ('34', '33');
INSERT INTO Routines_Exercises (routineID, exerciseID) VALUES ('37', '38');
INSERT INTO Routines_Exercises (routineID, exerciseID) VALUES ('5', '32');
INSERT INTO Routines_Exercises (routineID, exerciseID) VALUES ('3', '4');
INSERT INTO Routines_Exercises (routineID, exerciseID) VALUES ('11', '12');
INSERT INTO Routines_Exercises (routineID, exerciseID) VALUES ('45', '41');
INSERT INTO Routines_Exercises (routineID, exerciseID) VALUES ('15', '44');
INSERT INTO Routines_Exercises (routineID, exerciseID) VALUES ('33', '40');
INSERT INTO Routines_Exercises (routineID, exerciseID) VALUES ('1', '6');
INSERT INTO Routines_Exercises (routineID, exerciseID) VALUES ('38', '31');
INSERT INTO Routines_Exercises (routineID, exerciseID) VALUES ('45', '26');
INSERT INTO Routines_Exercises (routineID, exerciseID) VALUES ('10', '24');
INSERT INTO Routines_Exercises (routineID, exerciseID) VALUES ('3', '34');
INSERT INTO Routines_Exercises (routineID, exerciseID) VALUES ('43', '15');
INSERT INTO Routines_Exercises (routineID, exerciseID) VALUES ('30', '12');
INSERT INTO Routines_Exercises (routineID, exerciseID) VALUES ('41', '40');
INSERT INTO Routines_Exercises (routineID, exerciseID) VALUES ('5', '29');
INSERT INTO Routines_Exercises (routineID, exerciseID) VALUES ('20', '25');
INSERT INTO Routines_Exercises (routineID, exerciseID) VALUES ('42', '33');
INSERT INTO Routines_Exercises (routineID, exerciseID) VALUES ('37', '43');
INSERT INTO Routines_Exercises (routineID, exerciseID) VALUES ('4', '21');
INSERT INTO Routines_Exercises (routineID, exerciseID) VALUES ('40', '27');
INSERT INTO Routines_Exercises (routineID, exerciseID) VALUES ('16', '42');
INSERT INTO Routines_Exercises (routineID, exerciseID) VALUES ('25', '3');
INSERT INTO Routines_Exercises (routineID, exerciseID) VALUES ('28', '41');
INSERT INTO Routines_Exercises (routineID, exerciseID) VALUES ('44', '32');
INSERT INTO Routines_Exercises (routineID, exerciseID) VALUES ('21', '22');
INSERT INTO Routines_Exercises (routineID, exerciseID) VALUES ('29', '17');
INSERT INTO Routines_Exercises (routineID, exerciseID) VALUES ('15', '36');
INSERT INTO Routines_Exercises (routineID, exerciseID) VALUES ('32', '45');
INSERT INTO Routines_Exercises (routineID, exerciseID) VALUES ('19', '35');
INSERT INTO Routines_Exercises (routineID, exerciseID) VALUES ('33', '13');
INSERT INTO Routines_Exercises (routineID, exerciseID) VALUES ('39', '7');
INSERT INTO Routines_Exercises (routineID, exerciseID) VALUES ('8', '5');
INSERT INTO Routines_Exercises (routineID, exerciseID) VALUES ('36', '28');
INSERT INTO Routines_Exercises (routineID, exerciseID) VALUES ('35', '39');
INSERT INTO Routines_Exercises (routineID, exerciseID) VALUES ('2', '19');
INSERT INTO Routines_Exercises (routineID, exerciseID) VALUES ('13', '4');
INSERT INTO Routines_Exercises (routineID, exerciseID) VALUES ('23', '18');
INSERT INTO Routines_Exercises (routineID, exerciseID) VALUES ('24', '8');
INSERT INTO Routines_Exercises (routineID, exerciseID) VALUES ('12', '20');
INSERT INTO Routines_Exercises (routineID, exerciseID) VALUES ('27', '38');
INSERT INTO Routines_Exercises (routineID, exerciseID) VALUES ('26', '2');
INSERT INTO Routines_Exercises (routineID, exerciseID) VALUES ('9', '10');
INSERT INTO Routines_Exercises (routineID, exerciseID) VALUES ('18', '9');
INSERT INTO Routines_Exercises (routineID, exerciseID) VALUES ('22', '14');
INSERT INTO Routines_Exercises (routineID, exerciseID) VALUES ('14', '11');
INSERT INTO Routines_Exercises (routineID, exerciseID) VALUES ('11', '23');
INSERT INTO Routines_Exercises (routineID, exerciseID) VALUES ('7', '16');
INSERT INTO Routines_Exercises (routineID, exerciseID) VALUES ('6', '37');
INSERT INTO Routines_Exercises (routineID, exerciseID) VALUES ('34', '30');
INSERT INTO Routines_Exercises (routineID, exerciseID) VALUES ('31', '44');
INSERT INTO Routines_Exercises (routineID, exerciseID) VALUES ('17', '1');
INSERT INTO Routines_Exercises (routineID, exerciseID) VALUES ('22', '22');
INSERT INTO Routines_Exercises (routineID, exerciseID) VALUES ('1', '28');
INSERT INTO Routines_Exercises (routineID, exerciseID) VALUES ('39', '19');
INSERT INTO Routines_Exercises (routineID, exerciseID) VALUES ('2', '42');
INSERT INTO Routines_Exercises (routineID, exerciseID) VALUES ('14', '7');
INSERT INTO Routines_Exercises (routineID, exerciseID) VALUES ('38', '10');
INSERT INTO Routines_Exercises (routineID, exerciseID) VALUES ('23', '26');
INSERT INTO Routines_Exercises (routineID, exerciseID) VALUES ('30', '18');
INSERT INTO Routines_Exercises (routineID, exerciseID) VALUES ('43', '39');
INSERT INTO Routines_Exercises (routineID, exerciseID) VALUES ('19', '45');
INSERT INTO Routines_Exercises (routineID, exerciseID) VALUES ('7', '3');
INSERT INTO Routines_Exercises (routineID, exerciseID) VALUES ('31', '4');
INSERT INTO Routines_Exercises (routineID, exerciseID) VALUES ('20', '43');
INSERT INTO Routines_Exercises (routineID, exerciseID) VALUES ('36', '27');
INSERT INTO Routines_Exercises (routineID, exerciseID) VALUES ('27', '8');
INSERT INTO Routines_Exercises (routineID, exerciseID) VALUES ('35', '30');
INSERT INTO Routines_Exercises (routineID, exerciseID) VALUES ('13', '15');
INSERT INTO Routines_Exercises (routineID, exerciseID) VALUES ('12', '11');
INSERT INTO Routines_Exercises (routineID, exerciseID) VALUES ('25', '21');
INSERT INTO Routines_Exercises (routineID, exerciseID) VALUES ('37', '34');
INSERT INTO Routines_Exercises (routineID, exerciseID) VALUES ('33', '6');
INSERT INTO Routines_Exercises (routineID, exerciseID) VALUES ('3', '44');
INSERT INTO Routines_Exercises (routineID, exerciseID) VALUES ('16', '1');
INSERT INTO Routines_Exercises (routineID, exerciseID) VALUES ('26', '36');
INSERT INTO Routines_Exercises (routineID, exerciseID) VALUES ('24', '38');
INSERT INTO Routines_Exercises (routineID, exerciseID) VALUES ('17', '24');
INSERT INTO Routines_Exercises (routineID, exerciseID) VALUES ('8', '32');
INSERT INTO Routines_Exercises (routineID, exerciseID) VALUES ('21', '41');
INSERT INTO Routines_Exercises (routineID, exerciseID) VALUES ('19', '29');
INSERT INTO Routines_Exercises (routineID, exerciseID) VALUES ('45', '12');
INSERT INTO Routines_Exercises (routineID, exerciseID) VALUES ('5', '9');
INSERT INTO Routines_Exercises (routineID, exerciseID) VALUES ('40', '33');
INSERT INTO Routines_Exercises (routineID, exerciseID) VALUES ('6', '17');
INSERT INTO Routines_Exercises (routineID, exerciseID) VALUES ('29', '23');
INSERT INTO Routines_Exercises (routineID, exerciseID) VALUES ('15', '35');
INSERT INTO Routines_Exercises (routineID, exerciseID) VALUES ('41', '14');
INSERT INTO Routines_Exercises (routineID, exerciseID) VALUES ('4', '25');
INSERT INTO Routines_Exercises (routineID, exerciseID) VALUES ('32', '31');
INSERT INTO Routines_Exercises (routineID, exerciseID) VALUES ('34', '40');
INSERT INTO Routines_Exercises (routineID, exerciseID) VALUES ('9', '13');
INSERT INTO Routines_Exercises (routineID, exerciseID) VALUES ('10', '16');
INSERT INTO Routines_Exercises (routineID, exerciseID) VALUES ('28', '20');
INSERT INTO Routines_Exercises (routineID, exerciseID) VALUES ('44', '5');
INSERT INTO Routines_Exercises (routineID, exerciseID) VALUES ('11', '2');
INSERT INTO Routines_Exercises (routineID, exerciseID) VALUES ('42', '37');
INSERT INTO Routines_Exercises (routineID, exerciseID) VALUES ('2', '40');
INSERT INTO Routines_Exercises (routineID, exerciseID) VALUES ('14', '20');
INSERT INTO Routines_Exercises (routineID, exerciseID) VALUES ('42', '8');
INSERT INTO Routines_Exercises (routineID, exerciseID) VALUES ('32', '24');
INSERT INTO Routines_Exercises (routineID, exerciseID) VALUES ('28', '9');
INSERT INTO Routines_Exercises (routineID, exerciseID) VALUES ('24', '44');
INSERT INTO Routines_Exercises (routineID, exerciseID) VALUES ('29', '6');
INSERT INTO Routines_Exercises (routineID, exerciseID) VALUES ('40', '31');
INSERT INTO Routines_Exercises (routineID, exerciseID) VALUES ('43', '5');
INSERT INTO Routines_Exercises (routineID, exerciseID) VALUES ('41', '12');
INSERT INTO Routines_Exercises (routineID, exerciseID) VALUES ('39', '16');
INSERT INTO Routines_Exercises (routineID, exerciseID) VALUES ('35', '22');
INSERT INTO Routines_Exercises (routineID, exerciseID) VALUES ('11', '45');
INSERT INTO Routines_Exercises (routineID, exerciseID) VALUES ('21', '27');
INSERT INTO Routines_Exercises (routineID, exerciseID) VALUES ('33', '38');
INSERT INTO Routines_Exercises (routineID, exerciseID) VALUES ('8', '18');
INSERT INTO Routines_Exercises (routineID, exerciseID) VALUES ('2', '34');
INSERT INTO Routines_Exercises (routineID, exerciseID) VALUES ('10', '10');
INSERT INTO Routines_Exercises (routineID, exerciseID) VALUES ('6', '4');
INSERT INTO Routines_Exercises (routineID, exerciseID) VALUES ('17', '35');
INSERT INTO Routines_Exercises (routineID, exerciseID) VALUES ('19', '26');
INSERT INTO Routines_Exercises (routineID, exerciseID) VALUES ('27', '42');
INSERT INTO Routines_Exercises (routineID, exerciseID) VALUES ('44', '13');
INSERT INTO Routines_Exercises (routineID, exerciseID) VALUES ('12', '39');
INSERT INTO Routines_Exercises (routineID, exerciseID) VALUES ('36', '1');
INSERT INTO Routines_Exercises (routineID, exerciseID) VALUES ('16', '37');
INSERT INTO Routines_Exercises (routineID, exerciseID) VALUES ('1', '23');
INSERT INTO Routines_Exercises (routineID, exerciseID) VALUES ('4', '28');
INSERT INTO Routines_Exercises (routineID, exerciseID) VALUES ('5', '36');
INSERT INTO Routines_Exercises (routineID, exerciseID) VALUES ('7', '41');
INSERT INTO Routines_Exercises (routineID, exerciseID) VALUES ('23', '11');
INSERT INTO Routines_Exercises (routineID, exerciseID) VALUES ('38', '15');
INSERT INTO Routines_Exercises (routineID, exerciseID) VALUES ('13', '25');
INSERT INTO Routines_Exercises (routineID, exerciseID) VALUES ('15', '2');
INSERT INTO Routines_Exercises (routineID, exerciseID) VALUES ('31', '14');
INSERT INTO Routines_Exercises (routineID, exerciseID) VALUES ('22', '3');
INSERT INTO Routines_Exercises (routineID, exerciseID) VALUES ('18', '43');
INSERT INTO Routines_Exercises (routineID, exerciseID) VALUES ('9', '30');
INSERT INTO Routines_Exercises (routineID, exerciseID) VALUES ('41', '17');
INSERT INTO Routines_Exercises (routineID, exerciseID) VALUES ('26', '19');
INSERT INTO Routines_Exercises (routineID, exerciseID) VALUES ('33', '7');
INSERT INTO Routines_Exercises (routineID, exerciseID) VALUES ('20', '33');
INSERT INTO Routines_Exercises (routineID, exerciseID) VALUES ('30', '29');
INSERT INTO Routines_Exercises (routineID, exerciseID) VALUES ('34', '32');
INSERT INTO Routines_Exercises (routineID, exerciseID) VALUES ('26', '21');
INSERT INTO Routines_Exercises (routineID, exerciseID) VALUES ('43', '7');
INSERT INTO Routines_Exercises (routineID, exerciseID) VALUES ('4', '23');
INSERT INTO Routines_Exercises (routineID, exerciseID) VALUES ('22', '2');
INSERT INTO Routines_Exercises (routineID, exerciseID) VALUES ('28', '40');
INSERT INTO Routines_Exercises (routineID, exerciseID) VALUES ('17', '38');
INSERT INTO Routines_Exercises (routineID, exerciseID) VALUES ('10', '27');
INSERT INTO Routines_Exercises (routineID, exerciseID) VALUES ('32', '1');
INSERT INTO Routines_Exercises (routineID, exerciseID) VALUES ('41', '18');
INSERT INTO Routines_Exercises (routineID, exerciseID) VALUES ('13', '12');
INSERT INTO Routines_Exercises (routineID, exerciseID) VALUES ('30', '33');
INSERT INTO Routines_Exercises (routineID, exerciseID) VALUES ('36', '25');
INSERT INTO Routines_Exercises (routineID, exerciseID) VALUES ('14', '37');
INSERT INTO Routines_Exercises (routineID, exerciseID) VALUES ('33', '39');
INSERT INTO Routines_Exercises (routineID, exerciseID) VALUES ('27', '43');
INSERT INTO Routines_Exercises (routineID, exerciseID) VALUES ('45', '5');
INSERT INTO Routines_Exercises (routineID, exerciseID) VALUES ('19', '10');
INSERT INTO Routines_Exercises (routineID, exerciseID) VALUES ('21', '21');
INSERT INTO Routines_Exercises (routineID, exerciseID) VALUES ('2', '44');
INSERT INTO Routines_Exercises (routineID, exerciseID) VALUES ('31', '31');
INSERT INTO Routines_Exercises (routineID, exerciseID) VALUES ('6', '9');

INSERT INTO Meals_Recipes (mealID, recipeID) VALUES ('28', '12');
INSERT INTO Meals_Recipes (mealID, recipeID) VALUES ('16', '24');
INSERT INTO Meals_Recipes (mealID, recipeID) VALUES ('14', '27');
INSERT INTO Meals_Recipes (mealID, recipeID) VALUES ('18', '7');
INSERT INTO Meals_Recipes (mealID, recipeID) VALUES ('2', '33');
INSERT INTO Meals_Recipes (mealID, recipeID) VALUES ('3', '21');
INSERT INTO Meals_Recipes (mealID, recipeID) VALUES ('42', '14');
INSERT INTO Meals_Recipes (mealID, recipeID) VALUES ('1', '26');
INSERT INTO Meals_Recipes (mealID, recipeID) VALUES ('9', '41');
INSERT INTO Meals_Recipes (mealID, recipeID) VALUES ('4', '39');
INSERT INTO Meals_Recipes (mealID, recipeID) VALUES ('43', '30');
INSERT INTO Meals_Recipes (mealID, recipeID) VALUES ('21', '3');
INSERT INTO Meals_Recipes (mealID, recipeID) VALUES ('23', '2');
INSERT INTO Meals_Recipes (mealID, recipeID) VALUES ('10', '13');
INSERT INTO Meals_Recipes (mealID, recipeID) VALUES ('15', '29');
INSERT INTO Meals_Recipes (mealID, recipeID) VALUES ('33', '28');
INSERT INTO Meals_Recipes (mealID, recipeID) VALUES ('44', '22');
INSERT INTO Meals_Recipes (mealID, recipeID) VALUES ('32', '11');
INSERT INTO Meals_Recipes (mealID, recipeID) VALUES ('8', '42');
INSERT INTO Meals_Recipes (mealID, recipeID) VALUES ('35', '34');
INSERT INTO Meals_Recipes (mealID, recipeID) VALUES ('31', '18');
INSERT INTO Meals_Recipes (mealID, recipeID) VALUES ('24', '4');
INSERT INTO Meals_Recipes (mealID, recipeID) VALUES ('40', '35');
INSERT INTO Meals_Recipes (mealID, recipeID) VALUES ('19', '44');
INSERT INTO Meals_Recipes (mealID, recipeID) VALUES ('27', '20');
INSERT INTO Meals_Recipes (mealID, recipeID) VALUES ('26', '5');
INSERT INTO Meals_Recipes (mealID, recipeID) VALUES ('34', '8');
INSERT INTO Meals_Recipes (mealID, recipeID) VALUES ('45', '43');
INSERT INTO Meals_Recipes (mealID, recipeID) VALUES ('6', '1');
INSERT INTO Meals_Recipes (mealID, recipeID) VALUES ('29', '25');
INSERT INTO Meals_Recipes (mealID, recipeID) VALUES ('30', '9');
INSERT INTO Meals_Recipes (mealID, recipeID) VALUES ('20', '45');
INSERT INTO Meals_Recipes (mealID, recipeID) VALUES ('5', '36');
INSERT INTO Meals_Recipes (mealID, recipeID) VALUES ('36', '6');
INSERT INTO Meals_Recipes (mealID, recipeID) VALUES ('25', '17');
INSERT INTO Meals_Recipes (mealID, recipeID) VALUES ('39', '37');
INSERT INTO Meals_Recipes (mealID, recipeID) VALUES ('17', '16');
INSERT INTO Meals_Recipes (mealID, recipeID) VALUES ('12', '19');
INSERT INTO Meals_Recipes (mealID, recipeID) VALUES ('37', '40');
INSERT INTO Meals_Recipes (mealID, recipeID) VALUES ('22', '31');
INSERT INTO Meals_Recipes (mealID, recipeID) VALUES ('7', '23');
INSERT INTO Meals_Recipes (mealID, recipeID) VALUES ('41', '38');
INSERT INTO Meals_Recipes (mealID, recipeID) VALUES ('13', '10');
INSERT INTO Meals_Recipes (mealID, recipeID) VALUES ('11', '32');
INSERT INTO Meals_Recipes (mealID, recipeID) VALUES ('38', '15');
INSERT INTO Meals_Recipes (mealID, recipeID) VALUES ('37', '44');
INSERT INTO Meals_Recipes (mealID, recipeID) VALUES ('42', '41');
INSERT INTO Meals_Recipes (mealID, recipeID) VALUES ('8', '4');
INSERT INTO Meals_Recipes (mealID, recipeID) VALUES ('20', '20');
INSERT INTO Meals_Recipes (mealID, recipeID) VALUES ('7', '31');
INSERT INTO Meals_Recipes (mealID, recipeID) VALUES ('36', '40');
INSERT INTO Meals_Recipes (mealID, recipeID) VALUES ('6', '34');
INSERT INTO Meals_Recipes (mealID, recipeID) VALUES ('17', '43');
INSERT INTO Meals_Recipes (mealID, recipeID) VALUES ('28', '8');
INSERT INTO Meals_Recipes (mealID, recipeID) VALUES ('18', '9');
INSERT INTO Meals_Recipes (mealID, recipeID) VALUES ('14', '19');
INSERT INTO Meals_Recipes (mealID, recipeID) VALUES ('4', '10');
INSERT INTO Meals_Recipes (mealID, recipeID) VALUES ('13', '32');
INSERT INTO Meals_Recipes (mealID, recipeID) VALUES ('44', '11');
INSERT INTO Meals_Recipes (mealID, recipeID) VALUES ('19', '7');
INSERT INTO Meals_Recipes (mealID, recipeID) VALUES ('24', '2');
INSERT INTO Meals_Recipes (mealID, recipeID) VALUES ('25', '26');
INSERT INTO Meals_Recipes (mealID, recipeID) VALUES ('27', '18');
INSERT INTO Meals_Recipes (mealID, recipeID) VALUES ('43', '28');
INSERT INTO Meals_Recipes (mealID, recipeID) VALUES ('35', '25');
INSERT INTO Meals_Recipes (mealID, recipeID) VALUES ('32', '21');
INSERT INTO Meals_Recipes (mealID, recipeID) VALUES ('45', '24');
INSERT INTO Meals_Recipes (mealID, recipeID) VALUES ('23', '38');
INSERT INTO Meals_Recipes (mealID, recipeID) VALUES ('12', '13');
INSERT INTO Meals_Recipes (mealID, recipeID) VALUES ('29', '1');
INSERT INTO Meals_Recipes (mealID, recipeID) VALUES ('31', '27');
INSERT INTO Meals_Recipes (mealID, recipeID) VALUES ('16', '16');
INSERT INTO Meals_Recipes (mealID, recipeID) VALUES ('1', '15');
INSERT INTO Meals_Recipes (mealID, recipeID) VALUES ('34', '12');
INSERT INTO Meals_Recipes (mealID, recipeID) VALUES ('15', '14');
INSERT INTO Meals_Recipes (mealID, recipeID) VALUES ('33', '35');
INSERT INTO Meals_Recipes (mealID, recipeID) VALUES ('30', '36');
INSERT INTO Meals_Recipes (mealID, recipeID) VALUES ('40', '33');
INSERT INTO Meals_Recipes (mealID, recipeID) VALUES ('10', '37');
INSERT INTO Meals_Recipes (mealID, recipeID) VALUES ('39', '42');
INSERT INTO Meals_Recipes (mealID, recipeID) VALUES ('13', '45');
INSERT INTO Meals_Recipes (mealID, recipeID) VALUES ('38', '30');
INSERT INTO Meals_Recipes (mealID, recipeID) VALUES ('23', '3');
INSERT INTO Meals_Recipes (mealID, recipeID) VALUES ('2', '23');
INSERT INTO Meals_Recipes (mealID, recipeID) VALUES ('9', '29');
INSERT INTO Meals_Recipes (mealID, recipeID) VALUES ('26', '17');
INSERT INTO Meals_Recipes (mealID, recipeID) VALUES ('3', '6');
INSERT INTO Meals_Recipes (mealID, recipeID) VALUES ('5', '22');
INSERT INTO Meals_Recipes (mealID, recipeID) VALUES ('22', '5');
INSERT INTO Meals_Recipes (mealID, recipeID) VALUES ('41', '39');
INSERT INTO Meals_Recipes (mealID, recipeID) VALUES ('28', '23');
INSERT INTO Meals_Recipes (mealID, recipeID) VALUES ('3', '7');
INSERT INTO Meals_Recipes (mealID, recipeID) VALUES ('9', '32');
INSERT INTO Meals_Recipes (mealID, recipeID) VALUES ('36', '22');
INSERT INTO Meals_Recipes (mealID, recipeID) VALUES ('29', '34');
INSERT INTO Meals_Recipes (mealID, recipeID) VALUES ('42', '3');
INSERT INTO Meals_Recipes (mealID, recipeID) VALUES ('25', '9');
INSERT INTO Meals_Recipes (mealID, recipeID) VALUES ('33', '2');
INSERT INTO Meals_Recipes (mealID, recipeID) VALUES ('27', '36');
INSERT INTO Meals_Recipes (mealID, recipeID) VALUES ('40', '44');
INSERT INTO Meals_Recipes (mealID, recipeID) VALUES ('39', '29');
INSERT INTO Meals_Recipes (mealID, recipeID) VALUES ('16', '43');
INSERT INTO Meals_Recipes (mealID, recipeID) VALUES ('34', '13');
INSERT INTO Meals_Recipes (mealID, recipeID) VALUES ('12', '12');
INSERT INTO Meals_Recipes (mealID, recipeID) VALUES ('7', '1');
INSERT INTO Meals_Recipes (mealID, recipeID) VALUES ('17', '31');
INSERT INTO Meals_Recipes (mealID, recipeID) VALUES ('18', '6');
INSERT INTO Meals_Recipes (mealID, recipeID) VALUES ('21', '38');
INSERT INTO Meals_Recipes (mealID, recipeID) VALUES ('31', '19');
INSERT INTO Meals_Recipes (mealID, recipeID) VALUES ('26', '10');
INSERT INTO Meals_Recipes (mealID, recipeID) VALUES ('30', '4');
INSERT INTO Meals_Recipes (mealID, recipeID) VALUES ('44', '33');
INSERT INTO Meals_Recipes (mealID, recipeID) VALUES ('43', '40');
INSERT INTO Meals_Recipes (mealID, recipeID) VALUES ('21', '20');
INSERT INTO Meals_Recipes (mealID, recipeID) VALUES ('14', '17');
INSERT INTO Meals_Recipes (mealID, recipeID) VALUES ('23', '15');
INSERT INTO Meals_Recipes (mealID, recipeID) VALUES ('38', '35');
INSERT INTO Meals_Recipes (mealID, recipeID) VALUES ('32', '26');
INSERT INTO Meals_Recipes (mealID, recipeID) VALUES ('19', '14');
INSERT INTO Meals_Recipes (mealID, recipeID) VALUES ('4', '11');
INSERT INTO Meals_Recipes (mealID, recipeID) VALUES ('8', '24');
INSERT INTO Meals_Recipes (mealID, recipeID) VALUES ('41', '25');
INSERT INTO Meals_Recipes (mealID, recipeID) VALUES ('45', '39');
INSERT INTO Meals_Recipes (mealID, recipeID) VALUES ('2', '16');
INSERT INTO Meals_Recipes (mealID, recipeID) VALUES ('22', '30');
INSERT INTO Meals_Recipes (mealID, recipeID) VALUES ('10', '42');
INSERT INTO Meals_Recipes (mealID, recipeID) VALUES ('11', '41');
INSERT INTO Meals_Recipes (mealID, recipeID) VALUES ('35', '21');
INSERT INTO Meals_Recipes (mealID, recipeID) VALUES ('1', '5');
INSERT INTO Meals_Recipes (mealID, recipeID) VALUES ('13', '18');
INSERT INTO Meals_Recipes (mealID, recipeID) VALUES ('15', '45');
INSERT INTO Meals_Recipes (mealID, recipeID) VALUES ('37', '8');
INSERT INTO Meals_Recipes (mealID, recipeID) VALUES ('5', '27');
INSERT INTO Meals_Recipes (mealID, recipeID) VALUES ('7', '28');
INSERT INTO Meals_Recipes (mealID, recipeID) VALUES ('24', '37');
INSERT INTO Meals_Recipes (mealID, recipeID) VALUES ('14', '44');
INSERT INTO Meals_Recipes (mealID, recipeID) VALUES ('11', '45');
INSERT INTO Meals_Recipes (mealID, recipeID) VALUES ('38', '20');
INSERT INTO Meals_Recipes (mealID, recipeID) VALUES ('19', '34');
INSERT INTO Meals_Recipes (mealID, recipeID) VALUES ('42', '37');
INSERT INTO Meals_Recipes (mealID, recipeID) VALUES ('28', '41');
INSERT INTO Meals_Recipes (mealID, recipeID) VALUES ('26', '25');
INSERT INTO Meals_Recipes (mealID, recipeID) VALUES ('9', '26');
INSERT INTO Meals_Recipes (mealID, recipeID) VALUES ('3', '38');
INSERT INTO Meals_Recipes (mealID, recipeID) VALUES ('43', '16');
INSERT INTO Meals_Recipes (mealID, recipeID) VALUES ('18', '8');
INSERT INTO Meals_Recipes (mealID, recipeID) VALUES ('2', '12');
INSERT INTO Meals_Recipes (mealID, recipeID) VALUES ('33', '13');
INSERT INTO Meals_Recipes (mealID, recipeID) VALUES ('41', '31');
INSERT INTO Meals_Recipes (mealID, recipeID) VALUES ('21', '40');
INSERT INTO Meals_Recipes (mealID, recipeID) VALUES ('10', '17');
INSERT INTO Meals_Recipes (mealID, recipeID) VALUES ('1', '3');
INSERT INTO Meals_Recipes (mealID, recipeID) VALUES ('17', '39');
INSERT INTO Meals_Recipes (mealID, recipeID) VALUES ('32', '28');
INSERT INTO Meals_Recipes (mealID, recipeID) VALUES ('24', '33');
INSERT INTO Meals_Recipes (mealID, recipeID) VALUES ('16', '5');
INSERT INTO Meals_Recipes (mealID, recipeID) VALUES ('39', '43');
INSERT INTO Meals_Recipes (mealID, recipeID) VALUES ('44', '24');
INSERT INTO Meals_Recipes (mealID, recipeID) VALUES ('25', '27');
INSERT INTO Meals_Recipes (mealID, recipeID) VALUES ('37', '22');
INSERT INTO Meals_Recipes (mealID, recipeID) VALUES ('40', '4');
INSERT INTO Meals_Recipes (mealID, recipeID) VALUES ('4', '23');
INSERT INTO Meals_Recipes (mealID, recipeID) VALUES ('8', '1');
INSERT INTO Meals_Recipes (mealID, recipeID) VALUES ('31', '42');
INSERT INTO Meals_Recipes (mealID, recipeID) VALUES ('45', '35');
INSERT INTO Meals_Recipes (mealID, recipeID) VALUES ('6', '7');
INSERT INTO Meals_Recipes (mealID, recipeID) VALUES ('7', '11');
INSERT INTO Meals_Recipes (mealID, recipeID) VALUES ('12', '29');
INSERT INTO Meals_Recipes (mealID, recipeID) VALUES ('34', '36');
INSERT INTO Meals_Recipes (mealID, recipeID) VALUES ('14', '32');
INSERT INTO Meals_Recipes (mealID, recipeID) VALUES ('31', '9');
INSERT INTO Meals_Recipes (mealID, recipeID) VALUES ('35', '6');
INSERT INTO Meals_Recipes (mealID, recipeID) VALUES ('15', '21');
INSERT INTO Meals_Recipes (mealID, recipeID) VALUES ('27', '11');
INSERT INTO Meals_Recipes (mealID, recipeID) VALUES ('5', '2');
INSERT INTO Meals_Recipes (mealID, recipeID) VALUES ('20', '30');
INSERT INTO Meals_Recipes (mealID, recipeID) VALUES ('36', '19');
INSERT INTO Meals_Recipes (mealID, recipeID) VALUES ('29', '15');
INSERT INTO Meals_Recipes (mealID, recipeID) VALUES ('23', '14');
INSERT INTO Meals_Recipes (mealID, recipeID) VALUES ('22', '10');
INSERT INTO Meals_Recipes (mealID, recipeID) VALUES ('43', '9');
INSERT INTO Meals_Recipes (mealID, recipeID) VALUES ('24', '23');
INSERT INTO Meals_Recipes (mealID, recipeID) VALUES ('1', '4');
INSERT INTO Meals_Recipes (mealID, recipeID) VALUES ('4', '31');
INSERT INTO Meals_Recipes (mealID, recipeID) VALUES ('2', '4');
INSERT INTO Meals_Recipes (mealID, recipeID) VALUES ('30', '35');
INSERT INTO Meals_Recipes (mealID, recipeID) VALUES ('29', '13');
INSERT INTO Meals_Recipes (mealID, recipeID) VALUES ('38', '34');
INSERT INTO Meals_Recipes (mealID, recipeID) VALUES ('6', '36');
INSERT INTO Meals_Recipes (mealID, recipeID) VALUES ('11', '14');
INSERT INTO Meals_Recipes (mealID, recipeID) VALUES ('32', '12');
INSERT INTO Meals_Recipes (mealID, recipeID) VALUES ('22', '41');
INSERT INTO Meals_Recipes (mealID, recipeID) VALUES ('44', '28');
INSERT INTO Meals_Recipes (mealID, recipeID) VALUES ('28', '17');
INSERT INTO Meals_Recipes (mealID, recipeID) VALUES ('27', '27');
INSERT INTO Meals_Recipes (mealID, recipeID) VALUES ('20', '18');
INSERT INTO Meals_Recipes (mealID, recipeID) VALUES ('40', '37');
INSERT INTO Meals_Recipes (mealID, recipeID) VALUES ('36', '43');
INSERT INTO Meals_Recipes (mealID, recipeID) VALUES ('8', '29');
INSERT INTO Meals_Recipes (mealID, recipeID) VALUES ('42', '39');

INSERT INTO Stores_Ingredients (storeID, ingredientID) VALUES ('4', '45');
INSERT INTO Stores_Ingredients (storeID, ingredientID) VALUES ('13', '24');
INSERT INTO Stores_Ingredients (storeID, ingredientID) VALUES ('37', '38');
INSERT INTO Stores_Ingredients (storeID, ingredientID) VALUES ('12', '11');
INSERT INTO Stores_Ingredients (storeID, ingredientID) VALUES ('31', '25');
INSERT INTO Stores_Ingredients (storeID, ingredientID) VALUES ('22', '17');
INSERT INTO Stores_Ingredients (storeID, ingredientID) VALUES ('18', '35');
INSERT INTO Stores_Ingredients (storeID, ingredientID) VALUES ('8', '33');
INSERT INTO Stores_Ingredients (storeID, ingredientID) VALUES ('15', '13');
INSERT INTO Stores_Ingredients (storeID, ingredientID) VALUES ('21', '5');
INSERT INTO Stores_Ingredients (storeID, ingredientID) VALUES ('3', '27');
INSERT INTO Stores_Ingredients (storeID, ingredientID) VALUES ('42', '1');
INSERT INTO Stores_Ingredients (storeID, ingredientID) VALUES ('17', '2');
INSERT INTO Stores_Ingredients (storeID, ingredientID) VALUES ('20', '32');
INSERT INTO Stores_Ingredients (storeID, ingredientID) VALUES ('30', '4');
INSERT INTO Stores_Ingredients (storeID, ingredientID) VALUES ('10', '6');
INSERT INTO Stores_Ingredients (storeID, ingredientID) VALUES ('19', '14');
INSERT INTO Stores_Ingredients (storeID, ingredientID) VALUES ('35', '44');
INSERT INTO Stores_Ingredients (storeID, ingredientID) VALUES ('24', '34');
INSERT INTO Stores_Ingredients (storeID, ingredientID) VALUES ('43', '23');
INSERT INTO Stores_Ingredients (storeID, ingredientID) VALUES ('5', '9');
INSERT INTO Stores_Ingredients (storeID, ingredientID) VALUES ('28', '21');
INSERT INTO Stores_Ingredients (storeID, ingredientID) VALUES ('29', '22');
INSERT INTO Stores_Ingredients (storeID, ingredientID) VALUES ('25', '30');
INSERT INTO Stores_Ingredients (storeID, ingredientID) VALUES ('11', '12');
INSERT INTO Stores_Ingredients (storeID, ingredientID) VALUES ('40', '7');
INSERT INTO Stores_Ingredients (storeID, ingredientID) VALUES ('33', '3');
INSERT INTO Stores_Ingredients (storeID, ingredientID) VALUES ('36', '41');
INSERT INTO Stores_Ingredients (storeID, ingredientID) VALUES ('2', '16');
INSERT INTO Stores_Ingredients (storeID, ingredientID) VALUES ('32', '39');
INSERT INTO Stores_Ingredients (storeID, ingredientID) VALUES ('14', '15');
INSERT INTO Stores_Ingredients (storeID, ingredientID) VALUES ('26', '40');
INSERT INTO Stores_Ingredients (storeID, ingredientID) VALUES ('38', '18');
INSERT INTO Stores_Ingredients (storeID, ingredientID) VALUES ('6', '19');
INSERT INTO Stores_Ingredients (storeID, ingredientID) VALUES ('7', '28');
INSERT INTO Stores_Ingredients (storeID, ingredientID) VALUES ('16', '42');
INSERT INTO Stores_Ingredients (storeID, ingredientID) VALUES ('9', '43');
INSERT INTO Stores_Ingredients (storeID, ingredientID) VALUES ('1', '20');
INSERT INTO Stores_Ingredients (storeID, ingredientID) VALUES ('39', '10');
INSERT INTO Stores_Ingredients (storeID, ingredientID) VALUES ('27', '31');
INSERT INTO Stores_Ingredients (storeID, ingredientID) VALUES ('23', '29');
INSERT INTO Stores_Ingredients (storeID, ingredientID) VALUES ('44', '8');
INSERT INTO Stores_Ingredients (storeID, ingredientID) VALUES ('41', '37');
INSERT INTO Stores_Ingredients (storeID, ingredientID) VALUES ('34', '36');
INSERT INTO Stores_Ingredients (storeID, ingredientID) VALUES ('45', '26');
INSERT INTO Stores_Ingredients (storeID, ingredientID) VALUES ('9', '38');
INSERT INTO Stores_Ingredients (storeID, ingredientID) VALUES ('11', '19');
INSERT INTO Stores_Ingredients (storeID, ingredientID) VALUES ('21', '17');
INSERT INTO Stores_Ingredients (storeID, ingredientID) VALUES ('14', '40');
INSERT INTO Stores_Ingredients (storeID, ingredientID) VALUES ('26', '37');
INSERT INTO Stores_Ingredients (storeID, ingredientID) VALUES ('42', '3');
INSERT INTO Stores_Ingredients (storeID, ingredientID) VALUES ('33', '42');
INSERT INTO Stores_Ingredients (storeID, ingredientID) VALUES ('8', '10');
INSERT INTO Stores_Ingredients (storeID, ingredientID) VALUES ('22', '34');
INSERT INTO Stores_Ingredients (storeID, ingredientID) VALUES ('38', '22');
INSERT INTO Stores_Ingredients (storeID, ingredientID) VALUES ('40', '14');
INSERT INTO Stores_Ingredients (storeID, ingredientID) VALUES ('2', '35');
INSERT INTO Stores_Ingredients (storeID, ingredientID) VALUES ('41', '20');
INSERT INTO Stores_Ingredients (storeID, ingredientID) VALUES ('28', '43');
INSERT INTO Stores_Ingredients (storeID, ingredientID) VALUES ('18', '13');
INSERT INTO Stores_Ingredients (storeID, ingredientID) VALUES ('32', '21');
INSERT INTO Stores_Ingredients (storeID, ingredientID) VALUES ('20', '33');
INSERT INTO Stores_Ingredients (storeID, ingredientID) VALUES ('43', '29');
INSERT INTO Stores_Ingredients (storeID, ingredientID) VALUES ('45', '45');
INSERT INTO Stores_Ingredients (storeID, ingredientID) VALUES ('27', '1');
INSERT INTO Stores_Ingredients (storeID, ingredientID) VALUES ('1', '9');
INSERT INTO Stores_Ingredients (storeID, ingredientID) VALUES ('6', '44');
INSERT INTO Stores_Ingredients (storeID, ingredientID) VALUES ('12', '2');
INSERT INTO Stores_Ingredients (storeID, ingredientID) VALUES ('17', '27');
INSERT INTO Stores_Ingredients (storeID, ingredientID) VALUES ('16', '41');
INSERT INTO Stores_Ingredients (storeID, ingredientID) VALUES ('23', '15');
INSERT INTO Stores_Ingredients (storeID, ingredientID) VALUES ('24', '5');
INSERT INTO Stores_Ingredients (storeID, ingredientID) VALUES ('34', '11');
INSERT INTO Stores_Ingredients (storeID, ingredientID) VALUES ('3', '16');
INSERT INTO Stores_Ingredients (storeID, ingredientID) VALUES ('29', '23');
INSERT INTO Stores_Ingredients (storeID, ingredientID) VALUES ('31', '30');
INSERT INTO Stores_Ingredients (storeID, ingredientID) VALUES ('4', '6');
INSERT INTO Stores_Ingredients (storeID, ingredientID) VALUES ('37', '45');
INSERT INTO Stores_Ingredients (storeID, ingredientID) VALUES ('13', '8');
INSERT INTO Stores_Ingredients (storeID, ingredientID) VALUES ('25', '28');
INSERT INTO Stores_Ingredients (storeID, ingredientID) VALUES ('35', '31');
INSERT INTO Stores_Ingredients (storeID, ingredientID) VALUES ('36', '25');
INSERT INTO Stores_Ingredients (storeID, ingredientID) VALUES ('7', '36');
INSERT INTO Stores_Ingredients (storeID, ingredientID) VALUES ('44', '12');
INSERT INTO Stores_Ingredients (storeID, ingredientID) VALUES ('5', '7');
INSERT INTO Stores_Ingredients (storeID, ingredientID) VALUES ('15', '18');
INSERT INTO Stores_Ingredients (storeID, ingredientID) VALUES ('10', '4');
INSERT INTO Stores_Ingredients (storeID, ingredientID) VALUES ('39', '39');
INSERT INTO Stores_Ingredients (storeID, ingredientID) VALUES ('30', '24');
INSERT INTO Stores_Ingredients (storeID, ingredientID) VALUES ('19', '32');
INSERT INTO Stores_Ingredients (storeID, ingredientID) VALUES ('44', '25');
INSERT INTO Stores_Ingredients (storeID, ingredientID) VALUES ('41', '27');
INSERT INTO Stores_Ingredients (storeID, ingredientID) VALUES ('34', '17');
INSERT INTO Stores_Ingredients (storeID, ingredientID) VALUES ('39', '41');
INSERT INTO Stores_Ingredients (storeID, ingredientID) VALUES ('25', '10');
INSERT INTO Stores_Ingredients (storeID, ingredientID) VALUES ('43', '2');
INSERT INTO Stores_Ingredients (storeID, ingredientID) VALUES ('32', '8');
INSERT INTO Stores_Ingredients (storeID, ingredientID) VALUES ('36', '40');
INSERT INTO Stores_Ingredients (storeID, ingredientID) VALUES ('13', '4');
INSERT INTO Stores_Ingredients (storeID, ingredientID) VALUES ('45', '5');
INSERT INTO Stores_Ingredients (storeID, ingredientID) VALUES ('7', '11');
INSERT INTO Stores_Ingredients (storeID, ingredientID) VALUES ('35', '33');
INSERT INTO Stores_Ingredients (storeID, ingredientID) VALUES ('8', '35');
INSERT INTO Stores_Ingredients (storeID, ingredientID) VALUES ('40', '9');
INSERT INTO Stores_Ingredients (storeID, ingredientID) VALUES ('6', '37');
INSERT INTO Stores_Ingredients (storeID, ingredientID) VALUES ('15', '36');
INSERT INTO Stores_Ingredients (storeID, ingredientID) VALUES ('17', '24');
INSERT INTO Stores_Ingredients (storeID, ingredientID) VALUES ('14', '7');
INSERT INTO Stores_Ingredients (storeID, ingredientID) VALUES ('10', '21');
INSERT INTO Stores_Ingredients (storeID, ingredientID) VALUES ('2', '12');
INSERT INTO Stores_Ingredients (storeID, ingredientID) VALUES ('1', '19');
INSERT INTO Stores_Ingredients (storeID, ingredientID) VALUES ('12', '20');
INSERT INTO Stores_Ingredients (storeID, ingredientID) VALUES ('26', '30');
INSERT INTO Stores_Ingredients (storeID, ingredientID) VALUES ('21', '44');
INSERT INTO Stores_Ingredients (storeID, ingredientID) VALUES ('5', '18');
INSERT INTO Stores_Ingredients (storeID, ingredientID) VALUES ('23', '42');
INSERT INTO Stores_Ingredients (storeID, ingredientID) VALUES ('30', '16');
INSERT INTO Stores_Ingredients (storeID, ingredientID) VALUES ('24', '15');
INSERT INTO Stores_Ingredients (storeID, ingredientID) VALUES ('31', '23');
INSERT INTO Stores_Ingredients (storeID, ingredientID) VALUES ('42', '32');
INSERT INTO Stores_Ingredients (storeID, ingredientID) VALUES ('38', '6');
INSERT INTO Stores_Ingredients (storeID, ingredientID) VALUES ('33', '14');
INSERT INTO Stores_Ingredients (storeID, ingredientID) VALUES ('27', '45');
INSERT INTO Stores_Ingredients (storeID, ingredientID) VALUES ('3', '31');
INSERT INTO Stores_Ingredients (storeID, ingredientID) VALUES ('4', '3');
INSERT INTO Stores_Ingredients (storeID, ingredientID) VALUES ('11', '34');
INSERT INTO Stores_Ingredients (storeID, ingredientID) VALUES ('28', '1');
INSERT INTO Stores_Ingredients (storeID, ingredientID) VALUES ('19', '43');
INSERT INTO Stores_Ingredients (storeID, ingredientID) VALUES ('18', '22');
INSERT INTO Stores_Ingredients (storeID, ingredientID) VALUES ('20', '13');
INSERT INTO Stores_Ingredients (storeID, ingredientID) VALUES ('37', '29');
INSERT INTO Stores_Ingredients (storeID, ingredientID) VALUES ('9', '28');
INSERT INTO Stores_Ingredients (storeID, ingredientID) VALUES ('16', '26');
INSERT INTO Stores_Ingredients (storeID, ingredientID) VALUES ('22', '38');
INSERT INTO Stores_Ingredients (storeID, ingredientID) VALUES ('29', '39');
INSERT INTO Stores_Ingredients (storeID, ingredientID) VALUES ('41', '4');
INSERT INTO Stores_Ingredients (storeID, ingredientID) VALUES ('37', '22');
INSERT INTO Stores_Ingredients (storeID, ingredientID) VALUES ('34', '40');
INSERT INTO Stores_Ingredients (storeID, ingredientID) VALUES ('21', '34');
INSERT INTO Stores_Ingredients (storeID, ingredientID) VALUES ('24', '29');
INSERT INTO Stores_Ingredients (storeID, ingredientID) VALUES ('35', '11');
INSERT INTO Stores_Ingredients (storeID, ingredientID) VALUES ('28', '2');
INSERT INTO Stores_Ingredients (storeID, ingredientID) VALUES ('30', '10');
INSERT INTO Stores_Ingredients (storeID, ingredientID) VALUES ('10', '33');
INSERT INTO Stores_Ingredients (storeID, ingredientID) VALUES ('7', '19');
INSERT INTO Stores_Ingredients (storeID, ingredientID) VALUES ('4', '25');
INSERT INTO Stores_Ingredients (storeID, ingredientID) VALUES ('32', '26');
INSERT INTO Stores_Ingredients (storeID, ingredientID) VALUES ('8', '18');
INSERT INTO Stores_Ingredients (storeID, ingredientID) VALUES ('45', '7');
INSERT INTO Stores_Ingredients (storeID, ingredientID) VALUES ('3', '39');
INSERT INTO Stores_Ingredients (storeID, ingredientID) VALUES ('9', '21');
INSERT INTO Stores_Ingredients (storeID, ingredientID) VALUES ('22', '31');
INSERT INTO Stores_Ingredients (storeID, ingredientID) VALUES ('42', '8');
INSERT INTO Stores_Ingredients (storeID, ingredientID) VALUES ('44', '41');
INSERT INTO Stores_Ingredients (storeID, ingredientID) VALUES ('36', '43');
INSERT INTO Stores_Ingredients (storeID, ingredientID) VALUES ('16', '32');
INSERT INTO Stores_Ingredients (storeID, ingredientID) VALUES ('17', '14');
INSERT INTO Stores_Ingredients (storeID, ingredientID) VALUES ('1', '42');
INSERT INTO Stores_Ingredients (storeID, ingredientID) VALUES ('39', '6');
INSERT INTO Stores_Ingredients (storeID, ingredientID) VALUES ('5', '3');
INSERT INTO Stores_Ingredients (storeID, ingredientID) VALUES ('40', '36');
INSERT INTO Stores_Ingredients (storeID, ingredientID) VALUES ('43', '16');
INSERT INTO Stores_Ingredients (storeID, ingredientID) VALUES ('18', '5');
INSERT INTO Stores_Ingredients (storeID, ingredientID) VALUES ('7', '20');
INSERT INTO Stores_Ingredients (storeID, ingredientID) VALUES ('27', '15');
INSERT INTO Stores_Ingredients (storeID, ingredientID) VALUES ('13', '1');
INSERT INTO Stores_Ingredients (storeID, ingredientID) VALUES ('25', '45');
INSERT INTO Stores_Ingredients (storeID, ingredientID) VALUES ('26', '24');
INSERT INTO Stores_Ingredients (storeID, ingredientID) VALUES ('33', '30');
INSERT INTO Stores_Ingredients (storeID, ingredientID) VALUES ('39', '12');
INSERT INTO Stores_Ingredients (storeID, ingredientID) VALUES ('19', '37');
INSERT INTO Stores_Ingredients (storeID, ingredientID) VALUES ('29', '27');
INSERT INTO Stores_Ingredients (storeID, ingredientID) VALUES ('2', '9');
INSERT INTO Stores_Ingredients (storeID, ingredientID) VALUES ('23', '23');
INSERT INTO Stores_Ingredients (storeID, ingredientID) VALUES ('31', '28');
INSERT INTO Stores_Ingredients (storeID, ingredientID) VALUES ('15', '38');
INSERT INTO Stores_Ingredients (storeID, ingredientID) VALUES ('14', '17');
INSERT INTO Stores_Ingredients (storeID, ingredientID) VALUES ('11', '44');
INSERT INTO Stores_Ingredients (storeID, ingredientID) VALUES ('21', '13');
INSERT INTO Stores_Ingredients (storeID, ingredientID) VALUES ('12', '35');
INSERT INTO Stores_Ingredients (storeID, ingredientID) VALUES ('6', '15');
INSERT INTO Stores_Ingredients (storeID, ingredientID) VALUES ('14', '4');
INSERT INTO Stores_Ingredients (storeID, ingredientID) VALUES ('29', '33');
INSERT INTO Stores_Ingredients (storeID, ingredientID) VALUES ('41', '44');
INSERT INTO Stores_Ingredients (storeID, ingredientID) VALUES ('12', '28');
INSERT INTO Stores_Ingredients (storeID, ingredientID) VALUES ('19', '7');
INSERT INTO Stores_Ingredients (storeID, ingredientID) VALUES ('45', '25');
INSERT INTO Stores_Ingredients (storeID, ingredientID) VALUES ('25', '20');
INSERT INTO Stores_Ingredients (storeID, ingredientID) VALUES ('17', '29');
INSERT INTO Stores_Ingredients (storeID, ingredientID) VALUES ('30', '5');
INSERT INTO Stores_Ingredients (storeID, ingredientID) VALUES ('8', '8');
INSERT INTO Stores_Ingredients (storeID, ingredientID) VALUES ('18', '19');
INSERT INTO Stores_Ingredients (storeID, ingredientID) VALUES ('43', '10');
INSERT INTO Stores_Ingredients (storeID, ingredientID) VALUES ('34', '16');
INSERT INTO Stores_Ingredients (storeID, ingredientID) VALUES ('39', '13');
INSERT INTO Stores_Ingredients (storeID, ingredientID) VALUES ('15', '39');
INSERT INTO Stores_Ingredients (storeID, ingredientID) VALUES ('35', '42');
INSERT INTO Stores_Ingredients (storeID, ingredientID) VALUES ('5', '21');
INSERT INTO Stores_Ingredients (storeID, ingredientID) VALUES ('4', '31');
INSERT INTO Stores_Ingredients (storeID, ingredientID) VALUES ('21', '45');

INSERT INTO VeganTips_Recipes (tipID, recipeID) VALUES ('34', '34');
INSERT INTO VeganTips_Recipes (tipID, recipeID) VALUES ('13', '35');
INSERT INTO VeganTips_Recipes (tipID, recipeID) VALUES ('30', '8');
INSERT INTO VeganTips_Recipes (tipID, recipeID) VALUES ('40', '19');
INSERT INTO VeganTips_Recipes (tipID, recipeID) VALUES ('2', '9');
INSERT INTO VeganTips_Recipes (tipID, recipeID) VALUES ('24', '23');
INSERT INTO VeganTips_Recipes (tipID, recipeID) VALUES ('26', '44');
INSERT INTO VeganTips_Recipes (tipID, recipeID) VALUES ('6', '40');
INSERT INTO VeganTips_Recipes (tipID, recipeID) VALUES ('15', '25');
INSERT INTO VeganTips_Recipes (tipID, recipeID) VALUES ('4', '28');
INSERT INTO VeganTips_Recipes (tipID, recipeID) VALUES ('32', '32');
INSERT INTO VeganTips_Recipes (tipID, recipeID) VALUES ('27', '29');
INSERT INTO VeganTips_Recipes (tipID, recipeID) VALUES ('1', '6');
INSERT INTO VeganTips_Recipes (tipID, recipeID) VALUES ('8', '11');
INSERT INTO VeganTips_Recipes (tipID, recipeID) VALUES ('41', '31');
INSERT INTO VeganTips_Recipes (tipID, recipeID) VALUES ('45', '24');
INSERT INTO VeganTips_Recipes (tipID, recipeID) VALUES ('9', '20');
INSERT INTO VeganTips_Recipes (tipID, recipeID) VALUES ('39', '12');
INSERT INTO VeganTips_Recipes (tipID, recipeID) VALUES ('38', '37');
INSERT INTO VeganTips_Recipes (tipID, recipeID) VALUES ('11', '14');
INSERT INTO VeganTips_Recipes (tipID, recipeID) VALUES ('17', '21');
INSERT INTO VeganTips_Recipes (tipID, recipeID) VALUES ('3', '38');
INSERT INTO VeganTips_Recipes (tipID, recipeID) VALUES ('12', '3');
INSERT INTO VeganTips_Recipes (tipID, recipeID) VALUES ('44', '42');
INSERT INTO VeganTips_Recipes (tipID, recipeID) VALUES ('16', '27');
INSERT INTO VeganTips_Recipes (tipID, recipeID) VALUES ('10', '33');
INSERT INTO VeganTips_Recipes (tipID, recipeID) VALUES ('5', '22');
INSERT INTO VeganTips_Recipes (tipID, recipeID) VALUES ('31', '41');
INSERT INTO VeganTips_Recipes (tipID, recipeID) VALUES ('36', '2');
INSERT INTO VeganTips_Recipes (tipID, recipeID) VALUES ('22', '45');
INSERT INTO VeganTips_Recipes (tipID, recipeID) VALUES ('18', '30');
INSERT INTO VeganTips_Recipes (tipID, recipeID) VALUES ('35', '26');
INSERT INTO VeganTips_Recipes (tipID, recipeID) VALUES ('20', '39');
INSERT INTO VeganTips_Recipes (tipID, recipeID) VALUES ('33', '16');
INSERT INTO VeganTips_Recipes (tipID, recipeID) VALUES ('14', '7');
INSERT INTO VeganTips_Recipes (tipID, recipeID) VALUES ('43', '5');
INSERT INTO VeganTips_Recipes (tipID, recipeID) VALUES ('37', '1');
INSERT INTO VeganTips_Recipes (tipID, recipeID) VALUES ('23', '4');
INSERT INTO VeganTips_Recipes (tipID, recipeID) VALUES ('19', '15');
INSERT INTO VeganTips_Recipes (tipID, recipeID) VALUES ('25', '13');
INSERT INTO VeganTips_Recipes (tipID, recipeID) VALUES ('29', '17');
INSERT INTO VeganTips_Recipes (tipID, recipeID) VALUES ('7', '10');
INSERT INTO VeganTips_Recipes (tipID, recipeID) VALUES ('21', '43');
INSERT INTO VeganTips_Recipes (tipID, recipeID) VALUES ('28', '18');
INSERT INTO VeganTips_Recipes (tipID, recipeID) VALUES ('42', '36');
INSERT INTO VeganTips_Recipes (tipID, recipeID) VALUES ('23', '17');
INSERT INTO VeganTips_Recipes (tipID, recipeID) VALUES ('19', '23');
INSERT INTO VeganTips_Recipes (tipID, recipeID) VALUES ('16', '18');
INSERT INTO VeganTips_Recipes (tipID, recipeID) VALUES ('25', '5');
INSERT INTO VeganTips_Recipes (tipID, recipeID) VALUES ('24', '10');
INSERT INTO VeganTips_Recipes (tipID, recipeID) VALUES ('26', '42');
INSERT INTO VeganTips_Recipes (tipID, recipeID) VALUES ('44', '24');
INSERT INTO VeganTips_Recipes (tipID, recipeID) VALUES ('27', '9');
INSERT INTO VeganTips_Recipes (tipID, recipeID) VALUES ('28', '11');
INSERT INTO VeganTips_Recipes (tipID, recipeID) VALUES ('32', '21');
INSERT INTO VeganTips_Recipes (tipID, recipeID) VALUES ('34', '38');
INSERT INTO VeganTips_Recipes (tipID, recipeID) VALUES ('8', '41');
INSERT INTO VeganTips_Recipes (tipID, recipeID) VALUES ('17', '26');
INSERT INTO VeganTips_Recipes (tipID, recipeID) VALUES ('13', '8');
INSERT INTO VeganTips_Recipes (tipID, recipeID) VALUES ('5', '35');
INSERT INTO VeganTips_Recipes (tipID, recipeID) VALUES ('14', '37');
INSERT INTO VeganTips_Recipes (tipID, recipeID) VALUES ('4', '14');
INSERT INTO VeganTips_Recipes (tipID, recipeID) VALUES ('36', '39');
INSERT INTO VeganTips_Recipes (tipID, recipeID) VALUES ('2', '28');
INSERT INTO VeganTips_Recipes (tipID, recipeID) VALUES ('31', '19');
INSERT INTO VeganTips_Recipes (tipID, recipeID) VALUES ('10', '45');
INSERT INTO VeganTips_Recipes (tipID, recipeID) VALUES ('45', '34');
INSERT INTO VeganTips_Recipes (tipID, recipeID) VALUES ('6', '12');
INSERT INTO VeganTips_Recipes (tipID, recipeID) VALUES ('3', '30');
INSERT INTO VeganTips_Recipes (tipID, recipeID) VALUES ('42', '25');
INSERT INTO VeganTips_Recipes (tipID, recipeID) VALUES ('11', '20');
INSERT INTO VeganTips_Recipes (tipID, recipeID) VALUES ('20', '31');
INSERT INTO VeganTips_Recipes (tipID, recipeID) VALUES ('21', '44');
INSERT INTO VeganTips_Recipes (tipID, recipeID) VALUES ('12', '32');
INSERT INTO VeganTips_Recipes (tipID, recipeID) VALUES ('29', '7');
INSERT INTO VeganTips_Recipes (tipID, recipeID) VALUES ('15', '6');
INSERT INTO VeganTips_Recipes (tipID, recipeID) VALUES ('1', '13');
INSERT INTO VeganTips_Recipes (tipID, recipeID) VALUES ('43', '22');
INSERT INTO VeganTips_Recipes (tipID, recipeID) VALUES ('7', '15');
INSERT INTO VeganTips_Recipes (tipID, recipeID) VALUES ('40', '2');
INSERT INTO VeganTips_Recipes (tipID, recipeID) VALUES ('30', '27');
INSERT INTO VeganTips_Recipes (tipID, recipeID) VALUES ('35', '16');
INSERT INTO VeganTips_Recipes (tipID, recipeID) VALUES ('22', '1');
INSERT INTO VeganTips_Recipes (tipID, recipeID) VALUES ('37', '29');
INSERT INTO VeganTips_Recipes (tipID, recipeID) VALUES ('9', '43');
INSERT INTO VeganTips_Recipes (tipID, recipeID) VALUES ('35', '33');
INSERT INTO VeganTips_Recipes (tipID, recipeID) VALUES ('18', '36');
INSERT INTO VeganTips_Recipes (tipID, recipeID) VALUES ('39', '3');
INSERT INTO VeganTips_Recipes (tipID, recipeID) VALUES ('38', '40');
INSERT INTO VeganTips_Recipes (tipID, recipeID) VALUES ('41', '4');
INSERT INTO VeganTips_Recipes (tipID, recipeID) VALUES ('28', '8');
INSERT INTO VeganTips_Recipes (tipID, recipeID) VALUES ('6', '23');
INSERT INTO VeganTips_Recipes (tipID, recipeID) VALUES ('11', '7');
INSERT INTO VeganTips_Recipes (tipID, recipeID) VALUES ('40', '28');
INSERT INTO VeganTips_Recipes (tipID, recipeID) VALUES ('24', '37');
INSERT INTO VeganTips_Recipes (tipID, recipeID) VALUES ('43', '18');
INSERT INTO VeganTips_Recipes (tipID, recipeID) VALUES ('16', '20');
INSERT INTO VeganTips_Recipes (tipID, recipeID) VALUES ('2', '39');
INSERT INTO VeganTips_Recipes (tipID, recipeID) VALUES ('4', '31');
INSERT INTO VeganTips_Recipes (tipID, recipeID) VALUES ('14', '38');
INSERT INTO VeganTips_Recipes (tipID, recipeID) VALUES ('38', '42');
INSERT INTO VeganTips_Recipes (tipID, recipeID) VALUES ('42', '43');
INSERT INTO VeganTips_Recipes (tipID, recipeID) VALUES ('7', '26');
INSERT INTO VeganTips_Recipes (tipID, recipeID) VALUES ('9', '19');
INSERT INTO VeganTips_Recipes (tipID, recipeID) VALUES ('25', '29');
INSERT INTO VeganTips_Recipes (tipID, recipeID) VALUES ('36', '16');
INSERT INTO VeganTips_Recipes (tipID, recipeID) VALUES ('16', '6');
INSERT INTO VeganTips_Recipes (tipID, recipeID) VALUES ('41', '13');
INSERT INTO VeganTips_Recipes (tipID, recipeID) VALUES ('23', '40');
INSERT INTO VeganTips_Recipes (tipID, recipeID) VALUES ('10', '25');
INSERT INTO VeganTips_Recipes (tipID, recipeID) VALUES ('18', '15');
INSERT INTO VeganTips_Recipes (tipID, recipeID) VALUES ('29', '5');
INSERT INTO VeganTips_Recipes (tipID, recipeID) VALUES ('34', '35');
INSERT INTO VeganTips_Recipes (tipID, recipeID) VALUES ('8', '44');
INSERT INTO VeganTips_Recipes (tipID, recipeID) VALUES ('27', '32');
INSERT INTO VeganTips_Recipes (tipID, recipeID) VALUES ('12', '27');
INSERT INTO VeganTips_Recipes (tipID, recipeID) VALUES ('13', '11');
INSERT INTO VeganTips_Recipes (tipID, recipeID) VALUES ('31', '22');
INSERT INTO VeganTips_Recipes (tipID, recipeID) VALUES ('33', '33');
INSERT INTO VeganTips_Recipes (tipID, recipeID) VALUES ('26', '24');
INSERT INTO VeganTips_Recipes (tipID, recipeID) VALUES ('22', '21');
INSERT INTO VeganTips_Recipes (tipID, recipeID) VALUES ('45', '1');
INSERT INTO VeganTips_Recipes (tipID, recipeID) VALUES ('35', '17');
INSERT INTO VeganTips_Recipes (tipID, recipeID) VALUES ('5', '14');
INSERT INTO VeganTips_Recipes (tipID, recipeID) VALUES ('20', '36');
INSERT INTO VeganTips_Recipes (tipID, recipeID) VALUES ('32', '34');
INSERT INTO VeganTips_Recipes (tipID, recipeID) VALUES ('30', '30');
INSERT INTO VeganTips_Recipes (tipID, recipeID) VALUES ('1', '9');
INSERT INTO VeganTips_Recipes (tipID, recipeID) VALUES ('44', '3');
INSERT INTO VeganTips_Recipes (tipID, recipeID) VALUES ('21', '2');
INSERT INTO VeganTips_Recipes (tipID, recipeID) VALUES ('17', '41');
INSERT INTO VeganTips_Recipes (tipID, recipeID) VALUES ('3', '45');
INSERT INTO VeganTips_Recipes (tipID, recipeID) VALUES ('40', '12');
INSERT INTO VeganTips_Recipes (tipID, recipeID) VALUES ('37', '10');
INSERT INTO VeganTips_Recipes (tipID, recipeID) VALUES ('19', '4');
INSERT INTO VeganTips_Recipes (tipID, recipeID) VALUES ('16', '33');
INSERT INTO VeganTips_Recipes (tipID, recipeID) VALUES ('40', '21');
INSERT INTO VeganTips_Recipes (tipID, recipeID) VALUES ('6', '28');
INSERT INTO VeganTips_Recipes (tipID, recipeID) VALUES ('21', '23');
INSERT INTO VeganTips_Recipes (tipID, recipeID) VALUES ('9', '24');
INSERT INTO VeganTips_Recipes (tipID, recipeID) VALUES ('29', '44');
INSERT INTO VeganTips_Recipes (tipID, recipeID) VALUES ('25', '43');
INSERT INTO VeganTips_Recipes (tipID, recipeID) VALUES ('26', '8');
INSERT INTO VeganTips_Recipes (tipID, recipeID) VALUES ('41', '25');
INSERT INTO VeganTips_Recipes (tipID, recipeID) VALUES ('38', '19');
INSERT INTO VeganTips_Recipes (tipID, recipeID) VALUES ('31', '45');
INSERT INTO VeganTips_Recipes (tipID, recipeID) VALUES ('22', '36');
INSERT INTO VeganTips_Recipes (tipID, recipeID) VALUES ('24', '16');
INSERT INTO VeganTips_Recipes (tipID, recipeID) VALUES ('32', '18');
INSERT INTO VeganTips_Recipes (tipID, recipeID) VALUES ('12', '26');
INSERT INTO VeganTips_Recipes (tipID, recipeID) VALUES ('27', '41');
INSERT INTO VeganTips_Recipes (tipID, recipeID) VALUES ('2', '42');
INSERT INTO VeganTips_Recipes (tipID, recipeID) VALUES ('39', '6');
INSERT INTO VeganTips_Recipes (tipID, recipeID) VALUES ('8', '10');
INSERT INTO VeganTips_Recipes (tipID, recipeID) VALUES ('18', '2');
INSERT INTO VeganTips_Recipes (tipID, recipeID) VALUES ('10', '22');
INSERT INTO VeganTips_Recipes (tipID, recipeID) VALUES ('36', '34');
INSERT INTO VeganTips_Recipes (tipID, recipeID) VALUES ('13', '14');
INSERT INTO VeganTips_Recipes (tipID, recipeID) VALUES ('35', '31');
INSERT INTO VeganTips_Recipes (tipID, recipeID) VALUES ('43', '17');
INSERT INTO VeganTips_Recipes (tipID, recipeID) VALUES ('11', '11');
INSERT INTO VeganTips_Recipes (tipID, recipeID) VALUES ('5', '9');
INSERT INTO VeganTips_Recipes (tipID, recipeID) VALUES ('33', '27');
INSERT INTO VeganTips_Recipes (tipID, recipeID) VALUES ('42', '30');
INSERT INTO VeganTips_Recipes (tipID, recipeID) VALUES ('4', '32');
INSERT INTO VeganTips_Recipes (tipID, recipeID) VALUES ('15', '38');
INSERT INTO VeganTips_Recipes (tipID, recipeID) VALUES ('19', '29');
INSERT INTO VeganTips_Recipes (tipID, recipeID) VALUES ('2', '13');
INSERT INTO VeganTips_Recipes (tipID, recipeID) VALUES ('14', '20');
INSERT INTO VeganTips_Recipes (tipID, recipeID) VALUES ('30', '35');
INSERT INTO VeganTips_Recipes (tipID, recipeID) VALUES ('3', '12');
INSERT INTO VeganTips_Recipes (tipID, recipeID) VALUES ('37', '7');
INSERT INTO VeganTips_Recipes (tipID, recipeID) VALUES ('45', '3');
INSERT INTO VeganTips_Recipes (tipID, recipeID) VALUES ('28', '37');
INSERT INTO VeganTips_Recipes (tipID, recipeID) VALUES ('34', '4');
INSERT INTO VeganTips_Recipes (tipID, recipeID) VALUES ('7', '40');
INSERT INTO VeganTips_Recipes (tipID, recipeID) VALUES ('22', '39');
INSERT INTO VeganTips_Recipes (tipID, recipeID) VALUES ('44', '5');
INSERT INTO VeganTips_Recipes (tipID, recipeID) VALUES ('23', '1');
INSERT INTO VeganTips_Recipes (tipID, recipeID) VALUES ('17', '15');
INSERT INTO VeganTips_Recipes (tipID, recipeID) VALUES ('21', '24');
INSERT INTO VeganTips_Recipes (tipID, recipeID) VALUES ('31', '32');
INSERT INTO VeganTips_Recipes (tipID, recipeID) VALUES ('23', '34');
INSERT INTO VeganTips_Recipes (tipID, recipeID) VALUES ('45', '5');
INSERT INTO VeganTips_Recipes (tipID, recipeID) VALUES ('1', '26');
INSERT INTO VeganTips_Recipes (tipID, recipeID) VALUES ('32', '7');
INSERT INTO VeganTips_Recipes (tipID, recipeID) VALUES ('13', '38');
INSERT INTO VeganTips_Recipes (tipID, recipeID) VALUES ('34', '33');
INSERT INTO VeganTips_Recipes (tipID, recipeID) VALUES ('26', '4');
INSERT INTO VeganTips_Recipes (tipID, recipeID) VALUES ('5', '31');
INSERT INTO VeganTips_Recipes (tipID, recipeID) VALUES ('37', '19');
INSERT INTO VeganTips_Recipes (tipID, recipeID) VALUES ('20', '9');
INSERT INTO VeganTips_Recipes (tipID, recipeID) VALUES ('17', '27');
INSERT INTO VeganTips_Recipes (tipID, recipeID) VALUES ('27', '21');
INSERT INTO VeganTips_Recipes (tipID, recipeID) VALUES ('11', '37');
INSERT INTO VeganTips_Recipes (tipID, recipeID) VALUES ('19', '2');
INSERT INTO VeganTips_Recipes (tipID, recipeID) VALUES ('30', '10');
INSERT INTO VeganTips_Recipes (tipID, recipeID) VALUES ('33', '45');
INSERT INTO VeganTips_Recipes (tipID, recipeID) VALUES ('36', '20');
INSERT INTO VeganTips_Recipes (tipID, recipeID) VALUES ('29', '35');

INSERT INTO Recipes_Ingredients (recipeID, ingredientID) VALUES ('13', '44');
INSERT INTO Recipes_Ingredients (recipeID, ingredientID) VALUES ('12', '13');
INSERT INTO Recipes_Ingredients (recipeID, ingredientID) VALUES ('10', '16');
INSERT INTO Recipes_Ingredients (recipeID, ingredientID) VALUES ('20', '6');
INSERT INTO Recipes_Ingredients (recipeID, ingredientID) VALUES ('40', '32');
INSERT INTO Recipes_Ingredients (recipeID, ingredientID) VALUES ('21', '3');
INSERT INTO Recipes_Ingredients (recipeID, ingredientID) VALUES ('8', '41');
INSERT INTO Recipes_Ingredients (recipeID, ingredientID) VALUES ('17', '4');
INSERT INTO Recipes_Ingredients (recipeID, ingredientID) VALUES ('33', '19');
INSERT INTO Recipes_Ingredients (recipeID, ingredientID) VALUES ('39', '8');
INSERT INTO Recipes_Ingredients (recipeID, ingredientID) VALUES ('32', '38');
INSERT INTO Recipes_Ingredients (recipeID, ingredientID) VALUES ('24', '22');
INSERT INTO Recipes_Ingredients (recipeID, ingredientID) VALUES ('37', '34');
INSERT INTO Recipes_Ingredients (recipeID, ingredientID) VALUES ('25', '39');
INSERT INTO Recipes_Ingredients (recipeID, ingredientID) VALUES ('31', '25');
INSERT INTO Recipes_Ingredients (recipeID, ingredientID) VALUES ('45', '35');
INSERT INTO Recipes_Ingredients (recipeID, ingredientID) VALUES ('5', '18');
INSERT INTO Recipes_Ingredients (recipeID, ingredientID) VALUES ('43', '17');
INSERT INTO Recipes_Ingredients (recipeID, ingredientID) VALUES ('34', '5');
INSERT INTO Recipes_Ingredients (recipeID, ingredientID) VALUES ('7', '2');
INSERT INTO Recipes_Ingredients (recipeID, ingredientID) VALUES ('22', '27');
INSERT INTO Recipes_Ingredients (recipeID, ingredientID) VALUES ('23', '45');
INSERT INTO Recipes_Ingredients (recipeID, ingredientID) VALUES ('26', '12');
INSERT INTO Recipes_Ingredients (recipeID, ingredientID) VALUES ('18', '24');
INSERT INTO Recipes_Ingredients (recipeID, ingredientID) VALUES ('29', '9');
INSERT INTO Recipes_Ingredients (recipeID, ingredientID) VALUES ('4', '28');
INSERT INTO Recipes_Ingredients (recipeID, ingredientID) VALUES ('6', '10');
INSERT INTO Recipes_Ingredients (recipeID, ingredientID) VALUES ('42', '11');
INSERT INTO Recipes_Ingredients (recipeID, ingredientID) VALUES ('2', '37');
INSERT INTO Recipes_Ingredients (recipeID, ingredientID) VALUES ('27', '21');
INSERT INTO Recipes_Ingredients (recipeID, ingredientID) VALUES ('1', '42');
INSERT INTO Recipes_Ingredients (recipeID, ingredientID) VALUES ('36', '15');
INSERT INTO Recipes_Ingredients (recipeID, ingredientID) VALUES ('28', '30');
INSERT INTO Recipes_Ingredients (recipeID, ingredientID) VALUES ('35', '31');
INSERT INTO Recipes_Ingredients (recipeID, ingredientID) VALUES ('3', '26');
INSERT INTO Recipes_Ingredients (recipeID, ingredientID) VALUES ('14', '23');
INSERT INTO Recipes_Ingredients (recipeID, ingredientID) VALUES ('16', '1');
INSERT INTO Recipes_Ingredients (recipeID, ingredientID) VALUES ('30', '7');
INSERT INTO Recipes_Ingredients (recipeID, ingredientID) VALUES ('11', '20');
INSERT INTO Recipes_Ingredients (recipeID, ingredientID) VALUES ('44', '36');
INSERT INTO Recipes_Ingredients (recipeID, ingredientID) VALUES ('38', '43');
INSERT INTO Recipes_Ingredients (recipeID, ingredientID) VALUES ('15', '29');
INSERT INTO Recipes_Ingredients (recipeID, ingredientID) VALUES ('9', '33');
INSERT INTO Recipes_Ingredients (recipeID, ingredientID) VALUES ('19', '14');
INSERT INTO Recipes_Ingredients (recipeID, ingredientID) VALUES ('41', '40');
INSERT INTO Recipes_Ingredients (recipeID, ingredientID) VALUES ('6', '17');
INSERT INTO Recipes_Ingredients (recipeID, ingredientID) VALUES ('16', '29');
INSERT INTO Recipes_Ingredients (recipeID, ingredientID) VALUES ('18', '3');
INSERT INTO Recipes_Ingredients (recipeID, ingredientID) VALUES ('8', '13');
INSERT INTO Recipes_Ingredients (recipeID, ingredientID) VALUES ('24', '45');
INSERT INTO Recipes_Ingredients (recipeID, ingredientID) VALUES ('32', '31');
INSERT INTO Recipes_Ingredients (recipeID, ingredientID) VALUES ('14', '4');
INSERT INTO Recipes_Ingredients (recipeID, ingredientID) VALUES ('26', '30');
INSERT INTO Recipes_Ingredients (recipeID, ingredientID) VALUES ('45', '7');
INSERT INTO Recipes_Ingredients (recipeID, ingredientID) VALUES ('28', '14');
INSERT INTO Recipes_Ingredients (recipeID, ingredientID) VALUES ('25', '33');
INSERT INTO Recipes_Ingredients (recipeID, ingredientID) VALUES ('4', '35');
INSERT INTO Recipes_Ingredients (recipeID, ingredientID) VALUES ('13', '37');
INSERT INTO Recipes_Ingredients (recipeID, ingredientID) VALUES ('34', '21');
INSERT INTO Recipes_Ingredients (recipeID, ingredientID) VALUES ('23', '34');
INSERT INTO Recipes_Ingredients (recipeID, ingredientID) VALUES ('20', '25');
INSERT INTO Recipes_Ingredients (recipeID, ingredientID) VALUES ('10', '18');
INSERT INTO Recipes_Ingredients (recipeID, ingredientID) VALUES ('29', '20');
INSERT INTO Recipes_Ingredients (recipeID, ingredientID) VALUES ('11', '44');
INSERT INTO Recipes_Ingredients (recipeID, ingredientID) VALUES ('7', '28');
INSERT INTO Recipes_Ingredients (recipeID, ingredientID) VALUES ('9', '40');
INSERT INTO Recipes_Ingredients (recipeID, ingredientID) VALUES ('22', '32');
INSERT INTO Recipes_Ingredients (recipeID, ingredientID) VALUES ('12', '38');
INSERT INTO Recipes_Ingredients (recipeID, ingredientID) VALUES ('41', '6');
INSERT INTO Recipes_Ingredients (recipeID, ingredientID) VALUES ('19', '1');
INSERT INTO Recipes_Ingredients (recipeID, ingredientID) VALUES ('15', '16');
INSERT INTO Recipes_Ingredients (recipeID, ingredientID) VALUES ('3', '22');
INSERT INTO Recipes_Ingredients (recipeID, ingredientID) VALUES ('17', '12');
INSERT INTO Recipes_Ingredients (recipeID, ingredientID) VALUES ('21', '39');
INSERT INTO Recipes_Ingredients (recipeID, ingredientID) VALUES ('40', '41');
INSERT INTO Recipes_Ingredients (recipeID, ingredientID) VALUES ('35', '42');
INSERT INTO Recipes_Ingredients (recipeID, ingredientID) VALUES ('44', '5');
INSERT INTO Recipes_Ingredients (recipeID, ingredientID) VALUES ('5', '23');
INSERT INTO Recipes_Ingredients (recipeID, ingredientID) VALUES ('33', '24');
INSERT INTO Recipes_Ingredients (recipeID, ingredientID) VALUES ('39', '26');
INSERT INTO Recipes_Ingredients (recipeID, ingredientID) VALUES ('2', '27');
INSERT INTO Recipes_Ingredients (recipeID, ingredientID) VALUES ('38', '19');
INSERT INTO Recipes_Ingredients (recipeID, ingredientID) VALUES ('31', '15');
INSERT INTO Recipes_Ingredients (recipeID, ingredientID) VALUES ('27', '2');
INSERT INTO Recipes_Ingredients (recipeID, ingredientID) VALUES ('43', '9');
INSERT INTO Recipes_Ingredients (recipeID, ingredientID) VALUES ('1', '43');
INSERT INTO Recipes_Ingredients (recipeID, ingredientID) VALUES ('42', '36');
INSERT INTO Recipes_Ingredients (recipeID, ingredientID) VALUES ('30', '8');
INSERT INTO Recipes_Ingredients (recipeID, ingredientID) VALUES ('36', '10');
INSERT INTO Recipes_Ingredients (recipeID, ingredientID) VALUES ('37', '11');
INSERT INTO Recipes_Ingredients (recipeID, ingredientID) VALUES ('43', '22');
INSERT INTO Recipes_Ingredients (recipeID, ingredientID) VALUES ('9', '16');
INSERT INTO Recipes_Ingredients (recipeID, ingredientID) VALUES ('7', '7');
INSERT INTO Recipes_Ingredients (recipeID, ingredientID) VALUES ('30', '11');
INSERT INTO Recipes_Ingredients (recipeID, ingredientID) VALUES ('24', '42');
INSERT INTO Recipes_Ingredients (recipeID, ingredientID) VALUES ('13', '3');
INSERT INTO Recipes_Ingredients (recipeID, ingredientID) VALUES ('22', '38');
INSERT INTO Recipes_Ingredients (recipeID, ingredientID) VALUES ('8', '44');
INSERT INTO Recipes_Ingredients (recipeID, ingredientID) VALUES ('38', '8');
INSERT INTO Recipes_Ingredients (recipeID, ingredientID) VALUES ('34', '35');
INSERT INTO Recipes_Ingredients (recipeID, ingredientID) VALUES ('17', '13');
INSERT INTO Recipes_Ingredients (recipeID, ingredientID) VALUES ('2', '31');
INSERT INTO Recipes_Ingredients (recipeID, ingredientID) VALUES ('39', '39');
INSERT INTO Recipes_Ingredients (recipeID, ingredientID) VALUES ('35', '5');
INSERT INTO Recipes_Ingredients (recipeID, ingredientID) VALUES ('25', '20');
INSERT INTO Recipes_Ingredients (recipeID, ingredientID) VALUES ('44', '12');
INSERT INTO Recipes_Ingredients (recipeID, ingredientID) VALUES ('18', '33');
INSERT INTO Recipes_Ingredients (recipeID, ingredientID) VALUES ('27', '19');
INSERT INTO Recipes_Ingredients (recipeID, ingredientID) VALUES ('5', '41');
INSERT INTO Recipes_Ingredients (recipeID, ingredientID) VALUES ('4', '29');
INSERT INTO Recipes_Ingredients (recipeID, ingredientID) VALUES ('40', '40');
INSERT INTO Recipes_Ingredients (recipeID, ingredientID) VALUES ('31', '43');
INSERT INTO Recipes_Ingredients (recipeID, ingredientID) VALUES ('45', '32');
INSERT INTO Recipes_Ingredients (recipeID, ingredientID) VALUES ('19', '15');
INSERT INTO Recipes_Ingredients (recipeID, ingredientID) VALUES ('32', '18');
INSERT INTO Recipes_Ingredients (recipeID, ingredientID) VALUES ('21', '26');
INSERT INTO Recipes_Ingredients (recipeID, ingredientID) VALUES ('33', '10');
INSERT INTO Recipes_Ingredients (recipeID, ingredientID) VALUES ('29', '28');
INSERT INTO Recipes_Ingredients (recipeID, ingredientID) VALUES ('16', '25');
INSERT INTO Recipes_Ingredients (recipeID, ingredientID) VALUES ('15', '2');
INSERT INTO Recipes_Ingredients (recipeID, ingredientID) VALUES ('41', '36');
INSERT INTO Recipes_Ingredients (recipeID, ingredientID) VALUES ('12', '23');
INSERT INTO Recipes_Ingredients (recipeID, ingredientID) VALUES ('3', '14');
INSERT INTO Recipes_Ingredients (recipeID, ingredientID) VALUES ('1', '24');
INSERT INTO Recipes_Ingredients (recipeID, ingredientID) VALUES ('20', '45');
INSERT INTO Recipes_Ingredients (recipeID, ingredientID) VALUES ('14', '27');
INSERT INTO Recipes_Ingredients (recipeID, ingredientID) VALUES ('37', '1');
INSERT INTO Recipes_Ingredients (recipeID, ingredientID) VALUES ('28', '34');
INSERT INTO Recipes_Ingredients (recipeID, ingredientID) VALUES ('10', '9');
INSERT INTO Recipes_Ingredients (recipeID, ingredientID) VALUES ('7', '17');
INSERT INTO Recipes_Ingredients (recipeID, ingredientID) VALUES ('36', '21');
INSERT INTO Recipes_Ingredients (recipeID, ingredientID) VALUES ('26', '37');
INSERT INTO Recipes_Ingredients (recipeID, ingredientID) VALUES ('23', '6');
INSERT INTO Recipes_Ingredients (recipeID, ingredientID) VALUES ('42', '30');
INSERT INTO Recipes_Ingredients (recipeID, ingredientID) VALUES ('11', '4');
INSERT INTO Recipes_Ingredients (recipeID, ingredientID) VALUES ('14', '22');
INSERT INTO Recipes_Ingredients (recipeID, ingredientID) VALUES ('15', '30');
INSERT INTO Recipes_Ingredients (recipeID, ingredientID) VALUES ('41', '18');
INSERT INTO Recipes_Ingredients (recipeID, ingredientID) VALUES ('8', '40');
INSERT INTO Recipes_Ingredients (recipeID, ingredientID) VALUES ('4', '43');
INSERT INTO Recipes_Ingredients (recipeID, ingredientID) VALUES ('1', '19');
INSERT INTO Recipes_Ingredients (recipeID, ingredientID) VALUES ('13', '41');
INSERT INTO Recipes_Ingredients (recipeID, ingredientID) VALUES ('43', '3');
INSERT INTO Recipes_Ingredients (recipeID, ingredientID) VALUES ('23', '35');
INSERT INTO Recipes_Ingredients (recipeID, ingredientID) VALUES ('24', '10');
INSERT INTO Recipes_Ingredients (recipeID, ingredientID) VALUES ('44', '7');
INSERT INTO Recipes_Ingredients (recipeID, ingredientID) VALUES ('19', '25');
INSERT INTO Recipes_Ingredients (recipeID, ingredientID) VALUES ('25', '17');
INSERT INTO Recipes_Ingredients (recipeID, ingredientID) VALUES ('29', '24');
INSERT INTO Recipes_Ingredients (recipeID, ingredientID) VALUES ('20', '12');
INSERT INTO Recipes_Ingredients (recipeID, ingredientID) VALUES ('26', '6');
INSERT INTO Recipes_Ingredients (recipeID, ingredientID) VALUES ('31', '13');
INSERT INTO Recipes_Ingredients (recipeID, ingredientID) VALUES ('6', '33');
INSERT INTO Recipes_Ingredients (recipeID, ingredientID) VALUES ('40', '38');
INSERT INTO Recipes_Ingredients (recipeID, ingredientID) VALUES ('11', '1');
INSERT INTO Recipes_Ingredients (recipeID, ingredientID) VALUES ('38', '29');
INSERT INTO Recipes_Ingredients (recipeID, ingredientID) VALUES ('40', '8');
INSERT INTO Recipes_Ingredients (recipeID, ingredientID) VALUES ('9', '39');
INSERT INTO Recipes_Ingredients (recipeID, ingredientID) VALUES ('33', '34');
INSERT INTO Recipes_Ingredients (recipeID, ingredientID) VALUES ('34', '14');
INSERT INTO Recipes_Ingredients (recipeID, ingredientID) VALUES ('7', '11');
INSERT INTO Recipes_Ingredients (recipeID, ingredientID) VALUES ('3', '27');
INSERT INTO Recipes_Ingredients (recipeID, ingredientID) VALUES ('37', '45');
INSERT INTO Recipes_Ingredients (recipeID, ingredientID) VALUES ('5', '44');
INSERT INTO Recipes_Ingredients (recipeID, ingredientID) VALUES ('17', '37');
INSERT INTO Recipes_Ingredients (recipeID, ingredientID) VALUES ('42', '32');
INSERT INTO Recipes_Ingredients (recipeID, ingredientID) VALUES ('15', '23');
INSERT INTO Recipes_Ingredients (recipeID, ingredientID) VALUES ('45', '31');
INSERT INTO Recipes_Ingredients (recipeID, ingredientID) VALUES ('37', '21');
INSERT INTO Recipes_Ingredients (recipeID, ingredientID) VALUES ('22', '26');
INSERT INTO Recipes_Ingredients (recipeID, ingredientID) VALUES ('35', '36');
INSERT INTO Recipes_Ingredients (recipeID, ingredientID) VALUES ('32', '2');
INSERT INTO Recipes_Ingredients (recipeID, ingredientID) VALUES ('27', '9');
INSERT INTO Recipes_Ingredients (recipeID, ingredientID) VALUES ('21', '20');
INSERT INTO Recipes_Ingredients (recipeID, ingredientID) VALUES ('10', '42');
INSERT INTO Recipes_Ingredients (recipeID, ingredientID) VALUES ('30', '28');
INSERT INTO Recipes_Ingredients (recipeID, ingredientID) VALUES ('3', '4');
INSERT INTO Recipes_Ingredients (recipeID, ingredientID) VALUES ('18', '16');
INSERT INTO Recipes_Ingredients (recipeID, ingredientID) VALUES ('16', '5');
INSERT INTO Recipes_Ingredients (recipeID, ingredientID) VALUES ('28', '15');
INSERT INTO Recipes_Ingredients (recipeID, ingredientID) VALUES ('19', '2');
INSERT INTO Recipes_Ingredients (recipeID, ingredientID) VALUES ('38', '34');
INSERT INTO Recipes_Ingredients (recipeID, ingredientID) VALUES ('13', '43');
INSERT INTO Recipes_Ingredients (recipeID, ingredientID) VALUES ('31', '32');
INSERT INTO Recipes_Ingredients (recipeID, ingredientID) VALUES ('17', '33');
INSERT INTO Recipes_Ingredients (recipeID, ingredientID) VALUES ('2', '38');
INSERT INTO Recipes_Ingredients (recipeID, ingredientID) VALUES ('41', '26');
INSERT INTO Recipes_Ingredients (recipeID, ingredientID) VALUES ('38', '21');
INSERT INTO Recipes_Ingredients (recipeID, ingredientID) VALUES ('25', '45');
INSERT INTO Recipes_Ingredients (recipeID, ingredientID) VALUES ('4', '31');
INSERT INTO Recipes_Ingredients (recipeID, ingredientID) VALUES ('9', '4');
INSERT INTO Recipes_Ingredients (recipeID, ingredientID) VALUES ('39', '27');
INSERT INTO Recipes_Ingredients (recipeID, ingredientID) VALUES ('36', '42');
INSERT INTO Recipes_Ingredients (recipeID, ingredientID) VALUES ('11', '18');
INSERT INTO Recipes_Ingredients (recipeID, ingredientID) VALUES ('3', '16');
INSERT INTO Recipes_Ingredients (recipeID, ingredientID) VALUES ('6', '8');
INSERT INTO Recipes_Ingredients (recipeID, ingredientID) VALUES ('18', '19');
INSERT INTO Recipes_Ingredients (recipeID, ingredientID) VALUES ('15', '22');
INSERT INTO Recipes_Ingredients (recipeID, ingredientID) VALUES ('34', '37');
INSERT INTO Recipes_Ingredients (recipeID, ingredientID) VALUES ('32', '39');

INSERT INTO Meals_Ingredients (mealID, ingredientID) VALUES ('21', '25');
INSERT INTO Meals_Ingredients (mealID, ingredientID) VALUES ('37', '37');
INSERT INTO Meals_Ingredients (mealID, ingredientID) VALUES ('1', '36');
INSERT INTO Meals_Ingredients (mealID, ingredientID) VALUES ('14', '41');
INSERT INTO Meals_Ingredients (mealID, ingredientID) VALUES ('35', '9');
INSERT INTO Meals_Ingredients (mealID, ingredientID) VALUES ('3', '40');
INSERT INTO Meals_Ingredients (mealID, ingredientID) VALUES ('8', '16');
INSERT INTO Meals_Ingredients (mealID, ingredientID) VALUES ('23', '45');
INSERT INTO Meals_Ingredients (mealID, ingredientID) VALUES ('36', '8');
INSERT INTO Meals_Ingredients (mealID, ingredientID) VALUES ('34', '24');
INSERT INTO Meals_Ingredients (mealID, ingredientID) VALUES ('39', '7');
INSERT INTO Meals_Ingredients (mealID, ingredientID) VALUES ('41', '20');
INSERT INTO Meals_Ingredients (mealID, ingredientID) VALUES ('2', '32');
INSERT INTO Meals_Ingredients (mealID, ingredientID) VALUES ('26', '11');
INSERT INTO Meals_Ingredients (mealID, ingredientID) VALUES ('29', '15');
INSERT INTO Meals_Ingredients (mealID, ingredientID) VALUES ('9', '30');
INSERT INTO Meals_Ingredients (mealID, ingredientID) VALUES ('17', '3');
INSERT INTO Meals_Ingredients (mealID, ingredientID) VALUES ('12', '12');
INSERT INTO Meals_Ingredients (mealID, ingredientID) VALUES ('5', '39');
INSERT INTO Meals_Ingredients (mealID, ingredientID) VALUES ('38', '27');
INSERT INTO Meals_Ingredients (mealID, ingredientID) VALUES ('7', '4');
INSERT INTO Meals_Ingredients (mealID, ingredientID) VALUES ('15', '6');
INSERT INTO Meals_Ingredients (mealID, ingredientID) VALUES ('40', '31');
INSERT INTO Meals_Ingredients (mealID, ingredientID) VALUES ('44', '17');
INSERT INTO Meals_Ingredients (mealID, ingredientID) VALUES ('42', '10');
INSERT INTO Meals_Ingredients (mealID, ingredientID) VALUES ('13', '1');
INSERT INTO Meals_Ingredients (mealID, ingredientID) VALUES ('45', '29');
INSERT INTO Meals_Ingredients (mealID, ingredientID) VALUES ('25', '34');
INSERT INTO Meals_Ingredients (mealID, ingredientID) VALUES ('10', '42');
INSERT INTO Meals_Ingredients (mealID, ingredientID) VALUES ('20', '18');
INSERT INTO Meals_Ingredients (mealID, ingredientID) VALUES ('31', '38');
INSERT INTO Meals_Ingredients (mealID, ingredientID) VALUES ('24', '43');
INSERT INTO Meals_Ingredients (mealID, ingredientID) VALUES ('27', '21');
INSERT INTO Meals_Ingredients (mealID, ingredientID) VALUES ('30', '5');
INSERT INTO Meals_Ingredients (mealID, ingredientID) VALUES ('22', '2');
INSERT INTO Meals_Ingredients (mealID, ingredientID) VALUES ('43', '33');
INSERT INTO Meals_Ingredients (mealID, ingredientID) VALUES ('33', '28');
INSERT INTO Meals_Ingredients (mealID, ingredientID) VALUES ('6', '22');
INSERT INTO Meals_Ingredients (mealID, ingredientID) VALUES ('11', '13');
INSERT INTO Meals_Ingredients (mealID, ingredientID) VALUES ('28', '23');
INSERT INTO Meals_Ingredients (mealID, ingredientID) VALUES ('16', '35');
INSERT INTO Meals_Ingredients (mealID, ingredientID) VALUES ('18', '19');
INSERT INTO Meals_Ingredients (mealID, ingredientID) VALUES ('4', '44');
INSERT INTO Meals_Ingredients (mealID, ingredientID) VALUES ('19', '26');
INSERT INTO Meals_Ingredients (mealID, ingredientID) VALUES ('32', '14');
INSERT INTO Meals_Ingredients (mealID, ingredientID) VALUES ('6', '21');
INSERT INTO Meals_Ingredients (mealID, ingredientID) VALUES ('27', '7');
INSERT INTO Meals_Ingredients (mealID, ingredientID) VALUES ('16', '34');
INSERT INTO Meals_Ingredients (mealID, ingredientID) VALUES ('25', '9');
INSERT INTO Meals_Ingredients (mealID, ingredientID) VALUES ('5', '17');
INSERT INTO Meals_Ingredients (mealID, ingredientID) VALUES ('4', '30');
INSERT INTO Meals_Ingredients (mealID, ingredientID) VALUES ('10', '11');
INSERT INTO Meals_Ingredients (mealID, ingredientID) VALUES ('29', '26');
INSERT INTO Meals_Ingredients (mealID, ingredientID) VALUES ('39', '41');
INSERT INTO Meals_Ingredients (mealID, ingredientID) VALUES ('28', '20');
INSERT INTO Meals_Ingredients (mealID, ingredientID) VALUES ('11', '39');
INSERT INTO Meals_Ingredients (mealID, ingredientID) VALUES ('15', '33');
INSERT INTO Meals_Ingredients (mealID, ingredientID) VALUES ('42', '25');
INSERT INTO Meals_Ingredients (mealID, ingredientID) VALUES ('38', '15');
INSERT INTO Meals_Ingredients (mealID, ingredientID) VALUES ('44', '40');
INSERT INTO Meals_Ingredients (mealID, ingredientID) VALUES ('19', '2');
INSERT INTO Meals_Ingredients (mealID, ingredientID) VALUES ('8', '14');
INSERT INTO Meals_Ingredients (mealID, ingredientID) VALUES ('33', '1');
INSERT INTO Meals_Ingredients (mealID, ingredientID) VALUES ('3', '38');
INSERT INTO Meals_Ingredients (mealID, ingredientID) VALUES ('31', '32');
INSERT INTO Meals_Ingredients (mealID, ingredientID) VALUES ('35', '23');
INSERT INTO Meals_Ingredients (mealID, ingredientID) VALUES ('22', '27');
INSERT INTO Meals_Ingredients (mealID, ingredientID) VALUES ('24', '16');
INSERT INTO Meals_Ingredients (mealID, ingredientID) VALUES ('9', '12');
INSERT INTO Meals_Ingredients (mealID, ingredientID) VALUES ('14', '31');
INSERT INTO Meals_Ingredients (mealID, ingredientID) VALUES ('43', '35');
INSERT INTO Meals_Ingredients (mealID, ingredientID) VALUES ('37', '28');
INSERT INTO Meals_Ingredients (mealID, ingredientID) VALUES ('21', '10');
INSERT INTO Meals_Ingredients (mealID, ingredientID) VALUES ('12', '22');
INSERT INTO Meals_Ingredients (mealID, ingredientID) VALUES ('40', '44');
INSERT INTO Meals_Ingredients (mealID, ingredientID) VALUES ('1', '5');
INSERT INTO Meals_Ingredients (mealID, ingredientID) VALUES ('36', '29');
INSERT INTO Meals_Ingredients (mealID, ingredientID) VALUES ('23', '3');
INSERT INTO Meals_Ingredients (mealID, ingredientID) VALUES ('13', '42');
INSERT INTO Meals_Ingredients (mealID, ingredientID) VALUES ('17', '36');
INSERT INTO Meals_Ingredients (mealID, ingredientID) VALUES ('26', '19');
INSERT INTO Meals_Ingredients (mealID, ingredientID) VALUES ('2', '24');
INSERT INTO Meals_Ingredients (mealID, ingredientID) VALUES ('32', '43');
INSERT INTO Meals_Ingredients (mealID, ingredientID) VALUES ('18', '18');
INSERT INTO Meals_Ingredients (mealID, ingredientID) VALUES ('20', '6');
INSERT INTO Meals_Ingredients (mealID, ingredientID) VALUES ('30', '45');
INSERT INTO Meals_Ingredients (mealID, ingredientID) VALUES ('45', '13');
INSERT INTO Meals_Ingredients (mealID, ingredientID) VALUES ('7', '8');
INSERT INTO Meals_Ingredients (mealID, ingredientID) VALUES ('41', '37');
INSERT INTO Meals_Ingredients (mealID, ingredientID) VALUES ('34', '4');
INSERT INTO Meals_Ingredients (mealID, ingredientID) VALUES ('2', '38');
INSERT INTO Meals_Ingredients (mealID, ingredientID) VALUES ('29', '1');
INSERT INTO Meals_Ingredients (mealID, ingredientID) VALUES ('32', '32');
INSERT INTO Meals_Ingredients (mealID, ingredientID) VALUES ('15', '17');
INSERT INTO Meals_Ingredients (mealID, ingredientID) VALUES ('25', '3');
INSERT INTO Meals_Ingredients (mealID, ingredientID) VALUES ('38', '37');
INSERT INTO Meals_Ingredients (mealID, ingredientID) VALUES ('7', '31');
INSERT INTO Meals_Ingredients (mealID, ingredientID) VALUES ('22', '5');
INSERT INTO Meals_Ingredients (mealID, ingredientID) VALUES ('13', '29');
INSERT INTO Meals_Ingredients (mealID, ingredientID) VALUES ('5', '40');
INSERT INTO Meals_Ingredients (mealID, ingredientID) VALUES ('40', '6');
INSERT INTO Meals_Ingredients (mealID, ingredientID) VALUES ('31', '43');
INSERT INTO Meals_Ingredients (mealID, ingredientID) VALUES ('42', '4');
INSERT INTO Meals_Ingredients (mealID, ingredientID) VALUES ('11', '33');
INSERT INTO Meals_Ingredients (mealID, ingredientID) VALUES ('18', '42');
INSERT INTO Meals_Ingredients (mealID, ingredientID) VALUES ('37', '30');
INSERT INTO Meals_Ingredients (mealID, ingredientID) VALUES ('35', '41');
INSERT INTO Meals_Ingredients (mealID, ingredientID) VALUES ('3', '27');
INSERT INTO Meals_Ingredients (mealID, ingredientID) VALUES ('8', '9');
INSERT INTO Meals_Ingredients (mealID, ingredientID) VALUES ('24', '45');
INSERT INTO Meals_Ingredients (mealID, ingredientID) VALUES ('19', '11');
INSERT INTO Meals_Ingredients (mealID, ingredientID) VALUES ('1', '10');
INSERT INTO Meals_Ingredients (mealID, ingredientID) VALUES ('9', '24');
INSERT INTO Meals_Ingredients (mealID, ingredientID) VALUES ('10', '20');
INSERT INTO Meals_Ingredients (mealID, ingredientID) VALUES ('21', '16');
INSERT INTO Meals_Ingredients (mealID, ingredientID) VALUES ('20', '25');
INSERT INTO Meals_Ingredients (mealID, ingredientID) VALUES ('44', '36');
INSERT INTO Meals_Ingredients (mealID, ingredientID) VALUES ('17', '44');
INSERT INTO Meals_Ingredients (mealID, ingredientID) VALUES ('36', '12');
INSERT INTO Meals_Ingredients (mealID, ingredientID) VALUES ('41', '35');
INSERT INTO Meals_Ingredients (mealID, ingredientID) VALUES ('26', '13');
INSERT INTO Meals_Ingredients (mealID, ingredientID) VALUES ('14', '34');
INSERT INTO Meals_Ingredients (mealID, ingredientID) VALUES ('45', '39');
INSERT INTO Meals_Ingredients (mealID, ingredientID) VALUES ('33', '14');
INSERT INTO Meals_Ingredients (mealID, ingredientID) VALUES ('34', '2');
INSERT INTO Meals_Ingredients (mealID, ingredientID) VALUES ('43', '15');
INSERT INTO Meals_Ingredients (mealID, ingredientID) VALUES ('12', '19');
INSERT INTO Meals_Ingredients (mealID, ingredientID) VALUES ('4', '28');
INSERT INTO Meals_Ingredients (mealID, ingredientID) VALUES ('27', '18');
INSERT INTO Meals_Ingredients (mealID, ingredientID) VALUES ('6', '7');
INSERT INTO Meals_Ingredients (mealID, ingredientID) VALUES ('39', '8');
INSERT INTO Meals_Ingredients (mealID, ingredientID) VALUES ('24', '22');
INSERT INTO Meals_Ingredients (mealID, ingredientID) VALUES ('30', '23');
INSERT INTO Meals_Ingredients (mealID, ingredientID) VALUES ('28', '21');
INSERT INTO Meals_Ingredients (mealID, ingredientID) VALUES ('16', '26');
INSERT INTO Meals_Ingredients (mealID, ingredientID) VALUES ('5', '25');
INSERT INTO Meals_Ingredients (mealID, ingredientID) VALUES ('9', '6');
INSERT INTO Meals_Ingredients (mealID, ingredientID) VALUES ('39', '37');
INSERT INTO Meals_Ingredients (mealID, ingredientID) VALUES ('2', '42');
INSERT INTO Meals_Ingredients (mealID, ingredientID) VALUES ('25', '16');
INSERT INTO Meals_Ingredients (mealID, ingredientID) VALUES ('3', '23');
INSERT INTO Meals_Ingredients (mealID, ingredientID) VALUES ('31', '34');
INSERT INTO Meals_Ingredients (mealID, ingredientID) VALUES ('2', '36');
INSERT INTO Meals_Ingredients (mealID, ingredientID) VALUES ('7', '19');
INSERT INTO Meals_Ingredients (mealID, ingredientID) VALUES ('8', '33');
INSERT INTO Meals_Ingredients (mealID, ingredientID) VALUES ('6', '41');
INSERT INTO Meals_Ingredients (mealID, ingredientID) VALUES ('45', '43');
INSERT INTO Meals_Ingredients (mealID, ingredientID) VALUES ('4', '20');
INSERT INTO Meals_Ingredients (mealID, ingredientID) VALUES ('40', '35');
INSERT INTO Meals_Ingredients (mealID, ingredientID) VALUES ('10', '12');
INSERT INTO Meals_Ingredients (mealID, ingredientID) VALUES ('22', '18');
INSERT INTO Meals_Ingredients (mealID, ingredientID) VALUES ('12', '9');
INSERT INTO Meals_Ingredients (mealID, ingredientID) VALUES ('21', '40');
INSERT INTO Meals_Ingredients (mealID, ingredientID) VALUES ('44', '3');
INSERT INTO Meals_Ingredients (mealID, ingredientID) VALUES ('28', '15');
INSERT INTO Meals_Ingredients (mealID, ingredientID) VALUES ('13', '32');
INSERT INTO Meals_Ingredients (mealID, ingredientID) VALUES ('20', '5');
INSERT INTO Meals_Ingredients (mealID, ingredientID) VALUES ('29', '4');
INSERT INTO Meals_Ingredients (mealID, ingredientID) VALUES ('30', '29');
INSERT INTO Meals_Ingredients (mealID, ingredientID) VALUES ('17', '11');
INSERT INTO Meals_Ingredients (mealID, ingredientID) VALUES ('16', '17');
INSERT INTO Meals_Ingredients (mealID, ingredientID) VALUES ('19', '44');
INSERT INTO Meals_Ingredients (mealID, ingredientID) VALUES ('35', '1');
INSERT INTO Meals_Ingredients (mealID, ingredientID) VALUES ('38', '7');
INSERT INTO Meals_Ingredients (mealID, ingredientID) VALUES ('42', '24');
INSERT INTO Meals_Ingredients (mealID, ingredientID) VALUES ('14', '21');
INSERT INTO Meals_Ingredients (mealID, ingredientID) VALUES ('24', '26');
INSERT INTO Meals_Ingredients (mealID, ingredientID) VALUES ('26', '8');
INSERT INTO Meals_Ingredients (mealID, ingredientID) VALUES ('18', '28');
INSERT INTO Meals_Ingredients (mealID, ingredientID) VALUES ('43', '2');
INSERT INTO Meals_Ingredients (mealID, ingredientID) VALUES ('36', '45');
INSERT INTO Meals_Ingredients (mealID, ingredientID) VALUES ('34', '39');
INSERT INTO Meals_Ingredients (mealID, ingredientID) VALUES ('23', '38');
INSERT INTO Meals_Ingredients (mealID, ingredientID) VALUES ('41', '31');
INSERT INTO Meals_Ingredients (mealID, ingredientID) VALUES ('16', '27');
INSERT INTO Meals_Ingredients (mealID, ingredientID) VALUES ('35', '14');
INSERT INTO Meals_Ingredients (mealID, ingredientID) VALUES ('32', '10');
INSERT INTO Meals_Ingredients (mealID, ingredientID) VALUES ('27', '30');
INSERT INTO Meals_Ingredients (mealID, ingredientID) VALUES ('37', '22');
INSERT INTO Meals_Ingredients (mealID, ingredientID) VALUES ('13', '13');
INSERT INTO Meals_Ingredients (mealID, ingredientID) VALUES ('13', '43');
INSERT INTO Meals_Ingredients (mealID, ingredientID) VALUES ('25', '32');
INSERT INTO Meals_Ingredients (mealID, ingredientID) VALUES ('34', '38');
INSERT INTO Meals_Ingredients (mealID, ingredientID) VALUES ('10', '9');
INSERT INTO Meals_Ingredients (mealID, ingredientID) VALUES ('17', '34');
INSERT INTO Meals_Ingredients (mealID, ingredientID) VALUES ('4', '42');
INSERT INTO Meals_Ingredients (mealID, ingredientID) VALUES ('7', '41');
INSERT INTO Meals_Ingredients (mealID, ingredientID) VALUES ('33', '30');
INSERT INTO Meals_Ingredients (mealID, ingredientID) VALUES ('15', '25');
INSERT INTO Meals_Ingredients (mealID, ingredientID) VALUES ('38', '3');
INSERT INTO Meals_Ingredients (mealID, ingredientID) VALUES ('14', '12');
INSERT INTO Meals_Ingredients (mealID, ingredientID) VALUES ('20', '35');
INSERT INTO Meals_Ingredients (mealID, ingredientID) VALUES ('19', '22');
INSERT INTO Meals_Ingredients (mealID, ingredientID) VALUES ('18', '26');
INSERT INTO Meals_Ingredients (mealID, ingredientID) VALUES ('36', '10');
INSERT INTO Meals_Ingredients (mealID, ingredientID) VALUES ('9', '11');
INSERT INTO Meals_Ingredients (mealID, ingredientID) VALUES ('23', '18');
INSERT INTO Meals_Ingredients (mealID, ingredientID) VALUES ('31', '39');
INSERT INTO Meals_Ingredients (mealID, ingredientID) VALUES ('32', '6');
INSERT INTO Meals_Ingredients (mealID, ingredientID) VALUES ('41', '40');

INSERT INTO VeganTips_Restaurants (tipID, restaurantID) VALUES ('34', '27');
INSERT INTO VeganTips_Restaurants (tipID, restaurantID) VALUES ('39', '10');
INSERT INTO VeganTips_Restaurants (tipID, restaurantID) VALUES ('2', '19');
INSERT INTO VeganTips_Restaurants (tipID, restaurantID) VALUES ('29', '35');
INSERT INTO VeganTips_Restaurants (tipID, restaurantID) VALUES ('18', '20');
INSERT INTO VeganTips_Restaurants (tipID, restaurantID) VALUES ('31', '5');
INSERT INTO VeganTips_Restaurants (tipID, restaurantID) VALUES ('13', '16');
INSERT INTO VeganTips_Restaurants (tipID, restaurantID) VALUES ('44', '39');
INSERT INTO VeganTips_Restaurants (tipID, restaurantID) VALUES ('7', '45');
INSERT INTO VeganTips_Restaurants (tipID, restaurantID) VALUES ('12', '12');
INSERT INTO VeganTips_Restaurants (tipID, restaurantID) VALUES ('19', '18');
INSERT INTO VeganTips_Restaurants (tipID, restaurantID) VALUES ('22', '40');
INSERT INTO VeganTips_Restaurants (tipID, restaurantID) VALUES ('4', '8');
INSERT INTO VeganTips_Restaurants (tipID, restaurantID) VALUES ('1', '25');
INSERT INTO VeganTips_Restaurants (tipID, restaurantID) VALUES ('8', '3');
INSERT INTO VeganTips_Restaurants (tipID, restaurantID) VALUES ('17', '24');
INSERT INTO VeganTips_Restaurants (tipID, restaurantID) VALUES ('14', '30');
INSERT INTO VeganTips_Restaurants (tipID, restaurantID) VALUES ('3', '38');
INSERT INTO VeganTips_Restaurants (tipID, restaurantID) VALUES ('36', '26');
INSERT INTO VeganTips_Restaurants (tipID, restaurantID) VALUES ('40', '44');
INSERT INTO VeganTips_Restaurants (tipID, restaurantID) VALUES ('6', '36');
INSERT INTO VeganTips_Restaurants (tipID, restaurantID) VALUES ('26', '6');
INSERT INTO VeganTips_Restaurants (tipID, restaurantID) VALUES ('9', '29');
INSERT INTO VeganTips_Restaurants (tipID, restaurantID) VALUES ('5', '1');
INSERT INTO VeganTips_Restaurants (tipID, restaurantID) VALUES ('43', '43');
INSERT INTO VeganTips_Restaurants (tipID, restaurantID) VALUES ('24', '28');
INSERT INTO VeganTips_Restaurants (tipID, restaurantID) VALUES ('20', '32');
INSERT INTO VeganTips_Restaurants (tipID, restaurantID) VALUES ('32', '21');
INSERT INTO VeganTips_Restaurants (tipID, restaurantID) VALUES ('21', '13');
INSERT INTO VeganTips_Restaurants (tipID, restaurantID) VALUES ('25', '14');
INSERT INTO VeganTips_Restaurants (tipID, restaurantID) VALUES ('42', '15');
INSERT INTO VeganTips_Restaurants (tipID, restaurantID) VALUES ('28', '42');
INSERT INTO VeganTips_Restaurants (tipID, restaurantID) VALUES ('38', '4');
INSERT INTO VeganTips_Restaurants (tipID, restaurantID) VALUES ('37', '2');
INSERT INTO VeganTips_Restaurants (tipID, restaurantID) VALUES ('35', '37');
INSERT INTO VeganTips_Restaurants (tipID, restaurantID) VALUES ('10', '41');
INSERT INTO VeganTips_Restaurants (tipID, restaurantID) VALUES ('23', '34');
INSERT INTO VeganTips_Restaurants (tipID, restaurantID) VALUES ('33', '33');
INSERT INTO VeganTips_Restaurants (tipID, restaurantID) VALUES ('15', '17');
INSERT INTO VeganTips_Restaurants (tipID, restaurantID) VALUES ('11', '22');
INSERT INTO VeganTips_Restaurants (tipID, restaurantID) VALUES ('27', '31');
INSERT INTO VeganTips_Restaurants (tipID, restaurantID) VALUES ('30', '9');
INSERT INTO VeganTips_Restaurants (tipID, restaurantID) VALUES ('16', '23');
INSERT INTO VeganTips_Restaurants (tipID, restaurantID) VALUES ('45', '7');
INSERT INTO VeganTips_Restaurants (tipID, restaurantID) VALUES ('41', '11');
INSERT INTO VeganTips_Restaurants (tipID, restaurantID) VALUES ('20', '35');
INSERT INTO VeganTips_Restaurants (tipID, restaurantID) VALUES ('2', '15');
INSERT INTO VeganTips_Restaurants (tipID, restaurantID) VALUES ('23', '10');
INSERT INTO VeganTips_Restaurants (tipID, restaurantID) VALUES ('10', '43');
INSERT INTO VeganTips_Restaurants (tipID, restaurantID) VALUES ('26', '4');
INSERT INTO VeganTips_Restaurants (tipID, restaurantID) VALUES ('12', '44');
INSERT INTO VeganTips_Restaurants (tipID, restaurantID) VALUES ('17', '36');
INSERT INTO VeganTips_Restaurants (tipID, restaurantID) VALUES ('15', '13');
INSERT INTO VeganTips_Restaurants (tipID, restaurantID) VALUES ('6', '9');
INSERT INTO VeganTips_Restaurants (tipID, restaurantID) VALUES ('3', '29');
INSERT INTO VeganTips_Restaurants (tipID, restaurantID) VALUES ('16', '31');
INSERT INTO VeganTips_Restaurants (tipID, restaurantID) VALUES ('43', '38');
INSERT INTO VeganTips_Restaurants (tipID, restaurantID) VALUES ('33', '42');
INSERT INTO VeganTips_Restaurants (tipID, restaurantID) VALUES ('21', '1');
INSERT INTO VeganTips_Restaurants (tipID, restaurantID) VALUES ('27', '22');
INSERT INTO VeganTips_Restaurants (tipID, restaurantID) VALUES ('39', '14');
INSERT INTO VeganTips_Restaurants (tipID, restaurantID) VALUES ('28', '16');
INSERT INTO VeganTips_Restaurants (tipID, restaurantID) VALUES ('7', '19');
INSERT INTO VeganTips_Restaurants (tipID, restaurantID) VALUES ('37', '7');
INSERT INTO VeganTips_Restaurants (tipID, restaurantID) VALUES ('35', '5');
INSERT INTO VeganTips_Restaurants (tipID, restaurantID) VALUES ('40', '20');
INSERT INTO VeganTips_Restaurants (tipID, restaurantID) VALUES ('44', '30');
INSERT INTO VeganTips_Restaurants (tipID, restaurantID) VALUES ('32', '40');
INSERT INTO VeganTips_Restaurants (tipID, restaurantID) VALUES ('24', '2');
INSERT INTO VeganTips_Restaurants (tipID, restaurantID) VALUES ('38', '39');
INSERT INTO VeganTips_Restaurants (tipID, restaurantID) VALUES ('19', '6');
INSERT INTO VeganTips_Restaurants (tipID, restaurantID) VALUES ('30', '11');
INSERT INTO VeganTips_Restaurants (tipID, restaurantID) VALUES ('1', '12');
INSERT INTO VeganTips_Restaurants (tipID, restaurantID) VALUES ('4', '26');
INSERT INTO VeganTips_Restaurants (tipID, restaurantID) VALUES ('36', '21');
INSERT INTO VeganTips_Restaurants (tipID, restaurantID) VALUES ('34', '41');
INSERT INTO VeganTips_Restaurants (tipID, restaurantID) VALUES ('5', '45');
INSERT INTO VeganTips_Restaurants (tipID, restaurantID) VALUES ('14', '24');
INSERT INTO VeganTips_Restaurants (tipID, restaurantID) VALUES ('8', '8');
INSERT INTO VeganTips_Restaurants (tipID, restaurantID) VALUES ('31', '27');
INSERT INTO VeganTips_Restaurants (tipID, restaurantID) VALUES ('29', '17');
INSERT INTO VeganTips_Restaurants (tipID, restaurantID) VALUES ('11', '33');
INSERT INTO VeganTips_Restaurants (tipID, restaurantID) VALUES ('25', '23');
INSERT INTO VeganTips_Restaurants (tipID, restaurantID) VALUES ('42', '37');
INSERT INTO VeganTips_Restaurants (tipID, restaurantID) VALUES ('22', '32');
INSERT INTO VeganTips_Restaurants (tipID, restaurantID) VALUES ('13', '25');
INSERT INTO VeganTips_Restaurants (tipID, restaurantID) VALUES ('9', '28');
INSERT INTO VeganTips_Restaurants (tipID, restaurantID) VALUES ('45', '18');
INSERT INTO VeganTips_Restaurants (tipID, restaurantID) VALUES ('41', '3');
INSERT INTO VeganTips_Restaurants (tipID, restaurantID) VALUES ('18', '34');
INSERT INTO VeganTips_Restaurants (tipID, restaurantID) VALUES ('32', '34');
INSERT INTO VeganTips_Restaurants (tipID, restaurantID) VALUES ('25', '43');
INSERT INTO VeganTips_Restaurants (tipID, restaurantID) VALUES ('18', '25');
INSERT INTO VeganTips_Restaurants (tipID, restaurantID) VALUES ('27', '1');
INSERT INTO VeganTips_Restaurants (tipID, restaurantID) VALUES ('31', '11');
INSERT INTO VeganTips_Restaurants (tipID, restaurantID) VALUES ('29', '44');
INSERT INTO VeganTips_Restaurants (tipID, restaurantID) VALUES ('26', '19');
INSERT INTO VeganTips_Restaurants (tipID, restaurantID) VALUES ('24', '45');
INSERT INTO VeganTips_Restaurants (tipID, restaurantID) VALUES ('14', '4');
INSERT INTO VeganTips_Restaurants (tipID, restaurantID) VALUES ('6', '27');
INSERT INTO VeganTips_Restaurants (tipID, restaurantID) VALUES ('12', '17');
INSERT INTO VeganTips_Restaurants (tipID, restaurantID) VALUES ('40', '40');
INSERT INTO VeganTips_Restaurants (tipID, restaurantID) VALUES ('28', '33');
INSERT INTO VeganTips_Restaurants (tipID, restaurantID) VALUES ('11', '41');
INSERT INTO VeganTips_Restaurants (tipID, restaurantID) VALUES ('23', '12');
INSERT INTO VeganTips_Restaurants (tipID, restaurantID) VALUES ('8', '6');
INSERT INTO VeganTips_Restaurants (tipID, restaurantID) VALUES ('37', '21');
INSERT INTO VeganTips_Restaurants (tipID, restaurantID) VALUES ('21', '31');
INSERT INTO VeganTips_Restaurants (tipID, restaurantID) VALUES ('1', '14');
INSERT INTO VeganTips_Restaurants (tipID, restaurantID) VALUES ('19', '2');
INSERT INTO VeganTips_Restaurants (tipID, restaurantID) VALUES ('45', '37');
INSERT INTO VeganTips_Restaurants (tipID, restaurantID) VALUES ('11', '3');
INSERT INTO VeganTips_Restaurants (tipID, restaurantID) VALUES ('35', '35');
INSERT INTO VeganTips_Restaurants (tipID, restaurantID) VALUES ('36', '38');
INSERT INTO VeganTips_Restaurants (tipID, restaurantID) VALUES ('13', '36');
INSERT INTO VeganTips_Restaurants (tipID, restaurantID) VALUES ('3', '39');
INSERT INTO VeganTips_Restaurants (tipID, restaurantID) VALUES ('16', '24');
INSERT INTO VeganTips_Restaurants (tipID, restaurantID) VALUES ('40', '10');
INSERT INTO VeganTips_Restaurants (tipID, restaurantID) VALUES ('43', '32');
INSERT INTO VeganTips_Restaurants (tipID, restaurantID) VALUES ('30', '7');
INSERT INTO VeganTips_Restaurants (tipID, restaurantID) VALUES ('17', '16');
INSERT INTO VeganTips_Restaurants (tipID, restaurantID) VALUES ('38', '22');
INSERT INTO VeganTips_Restaurants (tipID, restaurantID) VALUES ('7', '23');
INSERT INTO VeganTips_Restaurants (tipID, restaurantID) VALUES ('44', '13');
INSERT INTO VeganTips_Restaurants (tipID, restaurantID) VALUES ('4', '18');
INSERT INTO VeganTips_Restaurants (tipID, restaurantID) VALUES ('9', '20');
INSERT INTO VeganTips_Restaurants (tipID, restaurantID) VALUES ('33', '28');
INSERT INTO VeganTips_Restaurants (tipID, restaurantID) VALUES ('22', '15');
INSERT INTO VeganTips_Restaurants (tipID, restaurantID) VALUES ('15', '29');
INSERT INTO VeganTips_Restaurants (tipID, restaurantID) VALUES ('20', '9');
INSERT INTO VeganTips_Restaurants (tipID, restaurantID) VALUES ('42', '5');
INSERT INTO VeganTips_Restaurants (tipID, restaurantID) VALUES ('34', '26');
INSERT INTO VeganTips_Restaurants (tipID, restaurantID) VALUES ('5', '8');
INSERT INTO VeganTips_Restaurants (tipID, restaurantID) VALUES ('41', '30');
INSERT INTO VeganTips_Restaurants (tipID, restaurantID) VALUES ('2', '42');
INSERT INTO VeganTips_Restaurants (tipID, restaurantID) VALUES ('25', '5');
INSERT INTO VeganTips_Restaurants (tipID, restaurantID) VALUES ('19', '22');
INSERT INTO VeganTips_Restaurants (tipID, restaurantID) VALUES ('11', '6');
INSERT INTO VeganTips_Restaurants (tipID, restaurantID) VALUES ('31', '1');
INSERT INTO VeganTips_Restaurants (tipID, restaurantID) VALUES ('3', '18');
INSERT INTO VeganTips_Restaurants (tipID, restaurantID) VALUES ('2', '36');
INSERT INTO VeganTips_Restaurants (tipID, restaurantID) VALUES ('13', '12');
INSERT INTO VeganTips_Restaurants (tipID, restaurantID) VALUES ('26', '11');
INSERT INTO VeganTips_Restaurants (tipID, restaurantID) VALUES ('27', '34');
INSERT INTO VeganTips_Restaurants (tipID, restaurantID) VALUES ('33', '16');
INSERT INTO VeganTips_Restaurants (tipID, restaurantID) VALUES ('35', '26');
INSERT INTO VeganTips_Restaurants (tipID, restaurantID) VALUES ('15', '28');
INSERT INTO VeganTips_Restaurants (tipID, restaurantID) VALUES ('9', '44');
INSERT INTO VeganTips_Restaurants (tipID, restaurantID) VALUES ('18', '38');
INSERT INTO VeganTips_Restaurants (tipID, restaurantID) VALUES ('13', '24');
INSERT INTO VeganTips_Restaurants (tipID, restaurantID) VALUES ('23', '8');
INSERT INTO VeganTips_Restaurants (tipID, restaurantID) VALUES ('6', '43');
INSERT INTO VeganTips_Restaurants (tipID, restaurantID) VALUES ('42', '20');
INSERT INTO VeganTips_Restaurants (tipID, restaurantID) VALUES ('7', '14');
INSERT INTO VeganTips_Restaurants (tipID, restaurantID) VALUES ('45', '2');
INSERT INTO VeganTips_Restaurants (tipID, restaurantID) VALUES ('30', '3');
INSERT INTO VeganTips_Restaurants (tipID, restaurantID) VALUES ('32', '45');
INSERT INTO VeganTips_Restaurants (tipID, restaurantID) VALUES ('38', '37');
INSERT INTO VeganTips_Restaurants (tipID, restaurantID) VALUES ('36', '23');
INSERT INTO VeganTips_Restaurants (tipID, restaurantID) VALUES ('5', '21');
INSERT INTO VeganTips_Restaurants (tipID, restaurantID) VALUES ('20', '17');
INSERT INTO VeganTips_Restaurants (tipID, restaurantID) VALUES ('29', '41');
INSERT INTO VeganTips_Restaurants (tipID, restaurantID) VALUES ('1', '42');
INSERT INTO VeganTips_Restaurants (tipID, restaurantID) VALUES ('8', '40');
INSERT INTO VeganTips_Restaurants (tipID, restaurantID) VALUES ('39', '33');
INSERT INTO VeganTips_Restaurants (tipID, restaurantID) VALUES ('16', '30');
INSERT INTO VeganTips_Restaurants (tipID, restaurantID) VALUES ('40', '39');
INSERT INTO VeganTips_Restaurants (tipID, restaurantID) VALUES ('41', '9');
INSERT INTO VeganTips_Restaurants (tipID, restaurantID) VALUES ('10', '15');
INSERT INTO VeganTips_Restaurants (tipID, restaurantID) VALUES ('44', '31');
INSERT INTO VeganTips_Restaurants (tipID, restaurantID) VALUES ('21', '10');
INSERT INTO VeganTips_Restaurants (tipID, restaurantID) VALUES ('22', '13');
INSERT INTO VeganTips_Restaurants (tipID, restaurantID) VALUES ('28', '32');
INSERT INTO VeganTips_Restaurants (tipID, restaurantID) VALUES ('37', '25');
INSERT INTO VeganTips_Restaurants (tipID, restaurantID) VALUES ('17', '35');
INSERT INTO VeganTips_Restaurants (tipID, restaurantID) VALUES ('24', '27');
INSERT INTO VeganTips_Restaurants (tipID, restaurantID) VALUES ('34', '19');
INSERT INTO VeganTips_Restaurants (tipID, restaurantID) VALUES ('43', '4');
INSERT INTO VeganTips_Restaurants (tipID, restaurantID) VALUES ('16', '29');
INSERT INTO VeganTips_Restaurants (tipID, restaurantID) VALUES ('4', '7');
INSERT INTO VeganTips_Restaurants (tipID, restaurantID) VALUES ('27', '14');
INSERT INTO VeganTips_Restaurants (tipID, restaurantID) VALUES ('19', '13');
INSERT INTO VeganTips_Restaurants (tipID, restaurantID) VALUES ('14', '26');
INSERT INTO VeganTips_Restaurants (tipID, restaurantID) VALUES ('5', '2');
INSERT INTO VeganTips_Restaurants (tipID, restaurantID) VALUES ('9', '43');
INSERT INTO VeganTips_Restaurants (tipID, restaurantID) VALUES ('39', '7');
INSERT INTO VeganTips_Restaurants (tipID, restaurantID) VALUES ('3', '11');
INSERT INTO VeganTips_Restaurants (tipID, restaurantID) VALUES ('17', '20');
INSERT INTO VeganTips_Restaurants (tipID, restaurantID) VALUES ('35', '3');
INSERT INTO VeganTips_Restaurants (tipID, restaurantID) VALUES ('6', '39');
INSERT INTO VeganTips_Restaurants (tipID, restaurantID) VALUES ('13', '31');
INSERT INTO VeganTips_Restaurants (tipID, restaurantID) VALUES ('31', '4');
INSERT INTO VeganTips_Restaurants (tipID, restaurantID) VALUES ('40', '32');
INSERT INTO VeganTips_Restaurants (tipID, restaurantID) VALUES ('18', '10');
INSERT INTO VeganTips_Restaurants (tipID, restaurantID) VALUES ('15', '21');
INSERT INTO VeganTips_Restaurants (tipID, restaurantID) VALUES ('34', '42');
INSERT INTO VeganTips_Restaurants (tipID, restaurantID) VALUES ('12', '6');
INSERT INTO VeganTips_Restaurants (tipID, restaurantID) VALUES ('8', '25');
INSERT INTO VeganTips_Restaurants (tipID, restaurantID) VALUES ('41', '16');
INSERT INTO VeganTips_Restaurants (tipID, restaurantID) VALUES ('28', '9');

INSERT INTO Ingredients_Nutrients (ingredientID, nutrientID) VALUES ('34', '42');
INSERT INTO Ingredients_Nutrients (ingredientID, nutrientID) VALUES ('39', '5');
INSERT INTO Ingredients_Nutrients (ingredientID, nutrientID) VALUES ('19', '16');
INSERT INTO Ingredients_Nutrients (ingredientID, nutrientID) VALUES ('11', '17');
INSERT INTO Ingredients_Nutrients (ingredientID, nutrientID) VALUES ('16', '32');
INSERT INTO Ingredients_Nutrients (ingredientID, nutrientID) VALUES ('27', '40');
INSERT INTO Ingredients_Nutrients (ingredientID, nutrientID) VALUES ('44', '22');
INSERT INTO Ingredients_Nutrients (ingredientID, nutrientID) VALUES ('1', '11');
INSERT INTO Ingredients_Nutrients (ingredientID, nutrientID) VALUES ('8', '38');
INSERT INTO Ingredients_Nutrients (ingredientID, nutrientID) VALUES ('3', '10');
INSERT INTO Ingredients_Nutrients (ingredientID, nutrientID) VALUES ('37', '3');
INSERT INTO Ingredients_Nutrients (ingredientID, nutrientID) VALUES ('23', '9');
INSERT INTO Ingredients_Nutrients (ingredientID, nutrientID) VALUES ('4', '34');
INSERT INTO Ingredients_Nutrients (ingredientID, nutrientID) VALUES ('6', '41');
INSERT INTO Ingredients_Nutrients (ingredientID, nutrientID) VALUES ('12', '18');
INSERT INTO Ingredients_Nutrients (ingredientID, nutrientID) VALUES ('9', '26');
INSERT INTO Ingredients_Nutrients (ingredientID, nutrientID) VALUES ('22', '31');
INSERT INTO Ingredients_Nutrients (ingredientID, nutrientID) VALUES ('7', '25');
INSERT INTO Ingredients_Nutrients (ingredientID, nutrientID) VALUES ('28', '36');
INSERT INTO Ingredients_Nutrients (ingredientID, nutrientID) VALUES ('18', '37');
INSERT INTO Ingredients_Nutrients (ingredientID, nutrientID) VALUES ('31', '35');
INSERT INTO Ingredients_Nutrients (ingredientID, nutrientID) VALUES ('21', '29');
INSERT INTO Ingredients_Nutrients (ingredientID, nutrientID) VALUES ('33', '45');
INSERT INTO Ingredients_Nutrients (ingredientID, nutrientID) VALUES ('41', '2');
INSERT INTO Ingredients_Nutrients (ingredientID, nutrientID) VALUES ('14', '21');
INSERT INTO Ingredients_Nutrients (ingredientID, nutrientID) VALUES ('40', '39');
INSERT INTO Ingredients_Nutrients (ingredientID, nutrientID) VALUES ('26', '20');
INSERT INTO Ingredients_Nutrients (ingredientID, nutrientID) VALUES ('45', '15');
INSERT INTO Ingredients_Nutrients (ingredientID, nutrientID) VALUES ('25', '28');
INSERT INTO Ingredients_Nutrients (ingredientID, nutrientID) VALUES ('29', '12');
INSERT INTO Ingredients_Nutrients (ingredientID, nutrientID) VALUES ('2', '33');
INSERT INTO Ingredients_Nutrients (ingredientID, nutrientID) VALUES ('36', '24');
INSERT INTO Ingredients_Nutrients (ingredientID, nutrientID) VALUES ('15', '1');
INSERT INTO Ingredients_Nutrients (ingredientID, nutrientID) VALUES ('30', '6');
INSERT INTO Ingredients_Nutrients (ingredientID, nutrientID) VALUES ('32', '13');
INSERT INTO Ingredients_Nutrients (ingredientID, nutrientID) VALUES ('24', '7');
INSERT INTO Ingredients_Nutrients (ingredientID, nutrientID) VALUES ('35', '8');
INSERT INTO Ingredients_Nutrients (ingredientID, nutrientID) VALUES ('13', '14');
INSERT INTO Ingredients_Nutrients (ingredientID, nutrientID) VALUES ('20', '27');
INSERT INTO Ingredients_Nutrients (ingredientID, nutrientID) VALUES ('10', '19');
INSERT INTO Ingredients_Nutrients (ingredientID, nutrientID) VALUES ('17', '44');
INSERT INTO Ingredients_Nutrients (ingredientID, nutrientID) VALUES ('43', '43');
INSERT INTO Ingredients_Nutrients (ingredientID, nutrientID) VALUES ('38', '4');
INSERT INTO Ingredients_Nutrients (ingredientID, nutrientID) VALUES ('42', '23');
INSERT INTO Ingredients_Nutrients (ingredientID, nutrientID) VALUES ('5', '30');
INSERT INTO Ingredients_Nutrients (ingredientID, nutrientID) VALUES ('16', '34');
INSERT INTO Ingredients_Nutrients (ingredientID, nutrientID) VALUES ('15', '29');
INSERT INTO Ingredients_Nutrients (ingredientID, nutrientID) VALUES ('5', '32');
INSERT INTO Ingredients_Nutrients (ingredientID, nutrientID) VALUES ('8', '24');
INSERT INTO Ingredients_Nutrients (ingredientID, nutrientID) VALUES ('23', '33');
INSERT INTO Ingredients_Nutrients (ingredientID, nutrientID) VALUES ('6', '16');
INSERT INTO Ingredients_Nutrients (ingredientID, nutrientID) VALUES ('29', '31');
INSERT INTO Ingredients_Nutrients (ingredientID, nutrientID) VALUES ('26', '21');
INSERT INTO Ingredients_Nutrients (ingredientID, nutrientID) VALUES ('13', '44');
INSERT INTO Ingredients_Nutrients (ingredientID, nutrientID) VALUES ('37', '14');
INSERT INTO Ingredients_Nutrients (ingredientID, nutrientID) VALUES ('22', '12');
INSERT INTO Ingredients_Nutrients (ingredientID, nutrientID) VALUES ('28', '35');
INSERT INTO Ingredients_Nutrients (ingredientID, nutrientID) VALUES ('30', '20');
INSERT INTO Ingredients_Nutrients (ingredientID, nutrientID) VALUES ('27', '11');
INSERT INTO Ingredients_Nutrients (ingredientID, nutrientID) VALUES ('41', '8');
INSERT INTO Ingredients_Nutrients (ingredientID, nutrientID) VALUES ('1', '22');
INSERT INTO Ingredients_Nutrients (ingredientID, nutrientID) VALUES ('38', '27');
INSERT INTO Ingredients_Nutrients (ingredientID, nutrientID) VALUES ('36', '10');
INSERT INTO Ingredients_Nutrients (ingredientID, nutrientID) VALUES ('34', '39');
INSERT INTO Ingredients_Nutrients (ingredientID, nutrientID) VALUES ('45', '36');
INSERT INTO Ingredients_Nutrients (ingredientID, nutrientID) VALUES ('7', '23');
INSERT INTO Ingredients_Nutrients (ingredientID, nutrientID) VALUES ('25', '1');
INSERT INTO Ingredients_Nutrients (ingredientID, nutrientID) VALUES ('18', '30');
INSERT INTO Ingredients_Nutrients (ingredientID, nutrientID) VALUES ('31', '7');
INSERT INTO Ingredients_Nutrients (ingredientID, nutrientID) VALUES ('10', '43');
INSERT INTO Ingredients_Nutrients (ingredientID, nutrientID) VALUES ('42', '3');
INSERT INTO Ingredients_Nutrients (ingredientID, nutrientID) VALUES ('9', '40');
INSERT INTO Ingredients_Nutrients (ingredientID, nutrientID) VALUES ('33', '6');
INSERT INTO Ingredients_Nutrients (ingredientID, nutrientID) VALUES ('17', '19');
INSERT INTO Ingredients_Nutrients (ingredientID, nutrientID) VALUES ('3', '5');
INSERT INTO Ingredients_Nutrients (ingredientID, nutrientID) VALUES ('35', '26');
INSERT INTO Ingredients_Nutrients (ingredientID, nutrientID) VALUES ('24', '28');
INSERT INTO Ingredients_Nutrients (ingredientID, nutrientID) VALUES ('2', '41');
INSERT INTO Ingredients_Nutrients (ingredientID, nutrientID) VALUES ('14', '25');
INSERT INTO Ingredients_Nutrients (ingredientID, nutrientID) VALUES ('32', '17');
INSERT INTO Ingredients_Nutrients (ingredientID, nutrientID) VALUES ('20', '37');
INSERT INTO Ingredients_Nutrients (ingredientID, nutrientID) VALUES ('19', '18');
INSERT INTO Ingredients_Nutrients (ingredientID, nutrientID) VALUES ('4', '42');
INSERT INTO Ingredients_Nutrients (ingredientID, nutrientID) VALUES ('11', '13');
INSERT INTO Ingredients_Nutrients (ingredientID, nutrientID) VALUES ('12', '2');
INSERT INTO Ingredients_Nutrients (ingredientID, nutrientID) VALUES ('40', '45');
INSERT INTO Ingredients_Nutrients (ingredientID, nutrientID) VALUES ('43', '15');
INSERT INTO Ingredients_Nutrients (ingredientID, nutrientID) VALUES ('44', '9');
INSERT INTO Ingredients_Nutrients (ingredientID, nutrientID) VALUES ('39', '38');
INSERT INTO Ingredients_Nutrients (ingredientID, nutrientID) VALUES ('21', '4');
INSERT INTO Ingredients_Nutrients (ingredientID, nutrientID) VALUES ('9', '16');
INSERT INTO Ingredients_Nutrients (ingredientID, nutrientID) VALUES ('20', '17');
INSERT INTO Ingredients_Nutrients (ingredientID, nutrientID) VALUES ('17', '7');
INSERT INTO Ingredients_Nutrients (ingredientID, nutrientID) VALUES ('26', '19');
INSERT INTO Ingredients_Nutrients (ingredientID, nutrientID) VALUES ('32', '1');
INSERT INTO Ingredients_Nutrients (ingredientID, nutrientID) VALUES ('38', '39');
INSERT INTO Ingredients_Nutrients (ingredientID, nutrientID) VALUES ('6', '30');
INSERT INTO Ingredients_Nutrients (ingredientID, nutrientID) VALUES ('28', '22');
INSERT INTO Ingredients_Nutrients (ingredientID, nutrientID) VALUES ('29', '33');
INSERT INTO Ingredients_Nutrients (ingredientID, nutrientID) VALUES ('36', '45');
INSERT INTO Ingredients_Nutrients (ingredientID, nutrientID) VALUES ('41', '40');
INSERT INTO Ingredients_Nutrients (ingredientID, nutrientID) VALUES ('7', '35');
INSERT INTO Ingredients_Nutrients (ingredientID, nutrientID) VALUES ('6', '21');
INSERT INTO Ingredients_Nutrients (ingredientID, nutrientID) VALUES ('2', '8');
INSERT INTO Ingredients_Nutrients (ingredientID, nutrientID) VALUES ('43', '37');
INSERT INTO Ingredients_Nutrients (ingredientID, nutrientID) VALUES ('39', '43');
INSERT INTO Ingredients_Nutrients (ingredientID, nutrientID) VALUES ('31', '12');
INSERT INTO Ingredients_Nutrients (ingredientID, nutrientID) VALUES ('19', '24');
INSERT INTO Ingredients_Nutrients (ingredientID, nutrientID) VALUES ('27', '6');
INSERT INTO Ingredients_Nutrients (ingredientID, nutrientID) VALUES ('42', '11');
INSERT INTO Ingredients_Nutrients (ingredientID, nutrientID) VALUES ('21', '25');
INSERT INTO Ingredients_Nutrients (ingredientID, nutrientID) VALUES ('44', '44');
INSERT INTO Ingredients_Nutrients (ingredientID, nutrientID) VALUES ('35', '34');
INSERT INTO Ingredients_Nutrients (ingredientID, nutrientID) VALUES ('24', '9');
INSERT INTO Ingredients_Nutrients (ingredientID, nutrientID) VALUES ('4', '36');
INSERT INTO Ingredients_Nutrients (ingredientID, nutrientID) VALUES ('14', '38');
INSERT INTO Ingredients_Nutrients (ingredientID, nutrientID) VALUES ('39', '14');
INSERT INTO Ingredients_Nutrients (ingredientID, nutrientID) VALUES ('12', '26');
INSERT INTO Ingredients_Nutrients (ingredientID, nutrientID) VALUES ('11', '15');
INSERT INTO Ingredients_Nutrients (ingredientID, nutrientID) VALUES ('18', '32');
INSERT INTO Ingredients_Nutrients (ingredientID, nutrientID) VALUES ('3', '29');
INSERT INTO Ingredients_Nutrients (ingredientID, nutrientID) VALUES ('16', '20');
INSERT INTO Ingredients_Nutrients (ingredientID, nutrientID) VALUES ('40', '3');
INSERT INTO Ingredients_Nutrients (ingredientID, nutrientID) VALUES ('45', '5');
INSERT INTO Ingredients_Nutrients (ingredientID, nutrientID) VALUES ('25', '13');
INSERT INTO Ingredients_Nutrients (ingredientID, nutrientID) VALUES ('23', '4');
INSERT INTO Ingredients_Nutrients (ingredientID, nutrientID) VALUES ('10', '27');
INSERT INTO Ingredients_Nutrients (ingredientID, nutrientID) VALUES ('33', '2');
INSERT INTO Ingredients_Nutrients (ingredientID, nutrientID) VALUES ('15', '18');
INSERT INTO Ingredients_Nutrients (ingredientID, nutrientID) VALUES ('13', '42');
INSERT INTO Ingredients_Nutrients (ingredientID, nutrientID) VALUES ('1', '31');
INSERT INTO Ingredients_Nutrients (ingredientID, nutrientID) VALUES ('34', '41');
INSERT INTO Ingredients_Nutrients (ingredientID, nutrientID) VALUES ('8', '23');
INSERT INTO Ingredients_Nutrients (ingredientID, nutrientID) VALUES ('30', '10');
INSERT INTO Ingredients_Nutrients (ingredientID, nutrientID) VALUES ('22', '28');
INSERT INTO Ingredients_Nutrients (ingredientID, nutrientID) VALUES ('42', '13');
INSERT INTO Ingredients_Nutrients (ingredientID, nutrientID) VALUES ('24', '29');
INSERT INTO Ingredients_Nutrients (ingredientID, nutrientID) VALUES ('11', '24');
INSERT INTO Ingredients_Nutrients (ingredientID, nutrientID) VALUES ('21', '8');
INSERT INTO Ingredients_Nutrients (ingredientID, nutrientID) VALUES ('32', '5');
INSERT INTO Ingredients_Nutrients (ingredientID, nutrientID) VALUES ('16', '14');
INSERT INTO Ingredients_Nutrients (ingredientID, nutrientID) VALUES ('8', '21');
INSERT INTO Ingredients_Nutrients (ingredientID, nutrientID) VALUES ('44', '27');
INSERT INTO Ingredients_Nutrients (ingredientID, nutrientID) VALUES ('13', '1');
INSERT INTO Ingredients_Nutrients (ingredientID, nutrientID) VALUES ('19', '2');
INSERT INTO Ingredients_Nutrients (ingredientID, nutrientID) VALUES ('31', '22');
INSERT INTO Ingredients_Nutrients (ingredientID, nutrientID) VALUES ('18', '19');
INSERT INTO Ingredients_Nutrients (ingredientID, nutrientID) VALUES ('36', '40');
INSERT INTO Ingredients_Nutrients (ingredientID, nutrientID) VALUES ('14', '31');
INSERT INTO Ingredients_Nutrients (ingredientID, nutrientID) VALUES ('4', '25');
INSERT INTO Ingredients_Nutrients (ingredientID, nutrientID) VALUES ('38', '18');
INSERT INTO Ingredients_Nutrients (ingredientID, nutrientID) VALUES ('37', '42');
INSERT INTO Ingredients_Nutrients (ingredientID, nutrientID) VALUES ('45', '6');
INSERT INTO Ingredients_Nutrients (ingredientID, nutrientID) VALUES ('1', '36');
INSERT INTO Ingredients_Nutrients (ingredientID, nutrientID) VALUES ('35', '35');
INSERT INTO Ingredients_Nutrients (ingredientID, nutrientID) VALUES ('43', '7');
INSERT INTO Ingredients_Nutrients (ingredientID, nutrientID) VALUES ('5', '44');
INSERT INTO Ingredients_Nutrients (ingredientID, nutrientID) VALUES ('12', '23');
INSERT INTO Ingredients_Nutrients (ingredientID, nutrientID) VALUES ('25', '10');
INSERT INTO Ingredients_Nutrients (ingredientID, nutrientID) VALUES ('30', '37');
INSERT INTO Ingredients_Nutrients (ingredientID, nutrientID) VALUES ('33', '28');
INSERT INTO Ingredients_Nutrients (ingredientID, nutrientID) VALUES ('7', '15');
INSERT INTO Ingredients_Nutrients (ingredientID, nutrientID) VALUES ('9', '12');
INSERT INTO Ingredients_Nutrients (ingredientID, nutrientID) VALUES ('18', '11');
INSERT INTO Ingredients_Nutrients (ingredientID, nutrientID) VALUES ('29', '17');
INSERT INTO Ingredients_Nutrients (ingredientID, nutrientID) VALUES ('15', '4');
INSERT INTO Ingredients_Nutrients (ingredientID, nutrientID) VALUES ('28', '38');
INSERT INTO Ingredients_Nutrients (ingredientID, nutrientID) VALUES ('34', '34');
INSERT INTO Ingredients_Nutrients (ingredientID, nutrientID) VALUES ('41', '33');
INSERT INTO Ingredients_Nutrients (ingredientID, nutrientID) VALUES ('3', '41');
INSERT INTO Ingredients_Nutrients (ingredientID, nutrientID) VALUES ('11', '43');
INSERT INTO Ingredients_Nutrients (ingredientID, nutrientID) VALUES ('25', '9');
INSERT INTO Ingredients_Nutrients (ingredientID, nutrientID) VALUES ('39', '16');
INSERT INTO Ingredients_Nutrients (ingredientID, nutrientID) VALUES ('40', '32');
INSERT INTO Ingredients_Nutrients (ingredientID, nutrientID) VALUES ('20', '30');
INSERT INTO Ingredients_Nutrients (ingredientID, nutrientID) VALUES ('22', '45');
INSERT INTO Ingredients_Nutrients (ingredientID, nutrientID) VALUES ('6', '20');
INSERT INTO Ingredients_Nutrients (ingredientID, nutrientID) VALUES ('2', '39');
INSERT INTO Ingredients_Nutrients (ingredientID, nutrientID) VALUES ('26', '3');
INSERT INTO Ingredients_Nutrients (ingredientID, nutrientID) VALUES ('27', '26');
INSERT INTO Ingredients_Nutrients (ingredientID, nutrientID) VALUES ('33', '18');
INSERT INTO Ingredients_Nutrients (ingredientID, nutrientID) VALUES ('10', '41');
INSERT INTO Ingredients_Nutrients (ingredientID, nutrientID) VALUES ('31', '27');
INSERT INTO Ingredients_Nutrients (ingredientID, nutrientID) VALUES ('14', '34');
INSERT INTO Ingredients_Nutrients (ingredientID, nutrientID) VALUES ('22', '42');
INSERT INTO Ingredients_Nutrients (ingredientID, nutrientID) VALUES ('42', '15');
INSERT INTO Ingredients_Nutrients (ingredientID, nutrientID) VALUES ('12', '33');
INSERT INTO Ingredients_Nutrients (ingredientID, nutrientID) VALUES ('29', '30');
INSERT INTO Ingredients_Nutrients (ingredientID, nutrientID) VALUES ('25', '6');
INSERT INTO Ingredients_Nutrients (ingredientID, nutrientID) VALUES ('26', '26');
INSERT INTO Ingredients_Nutrients (ingredientID, nutrientID) VALUES ('23', '31');
INSERT INTO Ingredients_Nutrients (ingredientID, nutrientID) VALUES ('44', '7');
INSERT INTO Ingredients_Nutrients (ingredientID, nutrientID) VALUES ('19', '37');
INSERT INTO Ingredients_Nutrients (ingredientID, nutrientID) VALUES ('24', '3');
INSERT INTO Ingredients_Nutrients (ingredientID, nutrientID) VALUES ('19', '9');
INSERT INTO Ingredients_Nutrients (ingredientID, nutrientID) VALUES ('4', '16');
INSERT INTO Ingredients_Nutrients (ingredientID, nutrientID) VALUES ('31', '20');
INSERT INTO Ingredients_Nutrients (ingredientID, nutrientID) VALUES ('38', '43');
INSERT INTO Ingredients_Nutrients (ingredientID, nutrientID) VALUES ('20', '40');
INSERT INTO Ingredients_Nutrients (ingredientID, nutrientID) VALUES ('16', '44');

INSERT INTO Meals_Restaurants (mealID, restaurantID) VALUES ('41', '1');
INSERT INTO Meals_Restaurants (mealID, restaurantID) VALUES ('44', '26');
INSERT INTO Meals_Restaurants (mealID, restaurantID) VALUES ('9', '25');
INSERT INTO Meals_Restaurants (mealID, restaurantID) VALUES ('32', '3');
INSERT INTO Meals_Restaurants (mealID, restaurantID) VALUES ('4', '28');
INSERT INTO Meals_Restaurants (mealID, restaurantID) VALUES ('42', '7');
INSERT INTO Meals_Restaurants (mealID, restaurantID) VALUES ('37', '42');
INSERT INTO Meals_Restaurants (mealID, restaurantID) VALUES ('5', '29');
INSERT INTO Meals_Restaurants (mealID, restaurantID) VALUES ('43', '43');
INSERT INTO Meals_Restaurants (mealID, restaurantID) VALUES ('22', '19');
INSERT INTO Meals_Restaurants (mealID, restaurantID) VALUES ('13', '23');
INSERT INTO Meals_Restaurants (mealID, restaurantID) VALUES ('8', '36');
INSERT INTO Meals_Restaurants (mealID, restaurantID) VALUES ('40', '5');
INSERT INTO Meals_Restaurants (mealID, restaurantID) VALUES ('38', '37');
INSERT INTO Meals_Restaurants (mealID, restaurantID) VALUES ('23', '17');
INSERT INTO Meals_Restaurants (mealID, restaurantID) VALUES ('2', '45');
INSERT INTO Meals_Restaurants (mealID, restaurantID) VALUES ('17', '8');
INSERT INTO Meals_Restaurants (mealID, restaurantID) VALUES ('15', '4');
INSERT INTO Meals_Restaurants (mealID, restaurantID) VALUES ('3', '41');
INSERT INTO Meals_Restaurants (mealID, restaurantID) VALUES ('20', '11');
INSERT INTO Meals_Restaurants (mealID, restaurantID) VALUES ('34', '31');
INSERT INTO Meals_Restaurants (mealID, restaurantID) VALUES ('19', '24');
INSERT INTO Meals_Restaurants (mealID, restaurantID) VALUES ('30', '44');
INSERT INTO Meals_Restaurants (mealID, restaurantID) VALUES ('24', '27');
INSERT INTO Meals_Restaurants (mealID, restaurantID) VALUES ('21', '39');
INSERT INTO Meals_Restaurants (mealID, restaurantID) VALUES ('33', '13');
INSERT INTO Meals_Restaurants (mealID, restaurantID) VALUES ('29', '10');
INSERT INTO Meals_Restaurants (mealID, restaurantID) VALUES ('26', '14');
INSERT INTO Meals_Restaurants (mealID, restaurantID) VALUES ('16', '33');
INSERT INTO Meals_Restaurants (mealID, restaurantID) VALUES ('6', '12');
INSERT INTO Meals_Restaurants (mealID, restaurantID) VALUES ('1', '16');
INSERT INTO Meals_Restaurants (mealID, restaurantID) VALUES ('14', '21');
INSERT INTO Meals_Restaurants (mealID, restaurantID) VALUES ('35', '32');
INSERT INTO Meals_Restaurants (mealID, restaurantID) VALUES ('7', '30');
INSERT INTO Meals_Restaurants (mealID, restaurantID) VALUES ('11', '20');
INSERT INTO Meals_Restaurants (mealID, restaurantID) VALUES ('25', '15');
INSERT INTO Meals_Restaurants (mealID, restaurantID) VALUES ('10', '40');
INSERT INTO Meals_Restaurants (mealID, restaurantID) VALUES ('31', '35');
INSERT INTO Meals_Restaurants (mealID, restaurantID) VALUES ('45', '2');
INSERT INTO Meals_Restaurants (mealID, restaurantID) VALUES ('12', '6');
INSERT INTO Meals_Restaurants (mealID, restaurantID) VALUES ('36', '34');
INSERT INTO Meals_Restaurants (mealID, restaurantID) VALUES ('28', '38');
INSERT INTO Meals_Restaurants (mealID, restaurantID) VALUES ('18', '9');
INSERT INTO Meals_Restaurants (mealID, restaurantID) VALUES ('27', '18');
INSERT INTO Meals_Restaurants (mealID, restaurantID) VALUES ('39', '22');
INSERT INTO Meals_Restaurants (mealID, restaurantID) VALUES ('21', '16');
INSERT INTO Meals_Restaurants (mealID, restaurantID) VALUES ('17', '37');
INSERT INTO Meals_Restaurants (mealID, restaurantID) VALUES ('41', '27');
INSERT INTO Meals_Restaurants (mealID, restaurantID) VALUES ('3', '18');
INSERT INTO Meals_Restaurants (mealID, restaurantID) VALUES ('37', '33');
INSERT INTO Meals_Restaurants (mealID, restaurantID) VALUES ('30', '45');
INSERT INTO Meals_Restaurants (mealID, restaurantID) VALUES ('38', '6');
INSERT INTO Meals_Restaurants (mealID, restaurantID) VALUES ('27', '14');
INSERT INTO Meals_Restaurants (mealID, restaurantID) VALUES ('16', '12');
INSERT INTO Meals_Restaurants (mealID, restaurantID) VALUES ('12', '10');
INSERT INTO Meals_Restaurants (mealID, restaurantID) VALUES ('19', '2');
INSERT INTO Meals_Restaurants (mealID, restaurantID) VALUES ('31', '28');
INSERT INTO Meals_Restaurants (mealID, restaurantID) VALUES ('29', '24');
INSERT INTO Meals_Restaurants (mealID, restaurantID) VALUES ('24', '26');
INSERT INTO Meals_Restaurants (mealID, restaurantID) VALUES ('6', '32');
INSERT INTO Meals_Restaurants (mealID, restaurantID) VALUES ('10', '20');
INSERT INTO Meals_Restaurants (mealID, restaurantID) VALUES ('27', '22');
INSERT INTO Meals_Restaurants (mealID, restaurantID) VALUES ('34', '23');
INSERT INTO Meals_Restaurants (mealID, restaurantID) VALUES ('5', '7');
INSERT INTO Meals_Restaurants (mealID, restaurantID) VALUES ('2', '11');
INSERT INTO Meals_Restaurants (mealID, restaurantID) VALUES ('14', '30');
INSERT INTO Meals_Restaurants (mealID, restaurantID) VALUES ('1', '41');
INSERT INTO Meals_Restaurants (mealID, restaurantID) VALUES ('8', '38');
INSERT INTO Meals_Restaurants (mealID, restaurantID) VALUES ('42', '19');
INSERT INTO Meals_Restaurants (mealID, restaurantID) VALUES ('9', '17');
INSERT INTO Meals_Restaurants (mealID, restaurantID) VALUES ('44', '1');
INSERT INTO Meals_Restaurants (mealID, restaurantID) VALUES ('4', '25');
INSERT INTO Meals_Restaurants (mealID, restaurantID) VALUES ('40', '3');
INSERT INTO Meals_Restaurants (mealID, restaurantID) VALUES ('11', '44');
INSERT INTO Meals_Restaurants (mealID, restaurantID) VALUES ('23', '39');
INSERT INTO Meals_Restaurants (mealID, restaurantID) VALUES ('7', '9');
INSERT INTO Meals_Restaurants (mealID, restaurantID) VALUES ('22', '31');
INSERT INTO Meals_Restaurants (mealID, restaurantID) VALUES ('15', '43');
INSERT INTO Meals_Restaurants (mealID, restaurantID) VALUES ('18', '8');
INSERT INTO Meals_Restaurants (mealID, restaurantID) VALUES ('36', '4');
INSERT INTO Meals_Restaurants (mealID, restaurantID) VALUES ('39', '36');
INSERT INTO Meals_Restaurants (mealID, restaurantID) VALUES ('45', '34');
INSERT INTO Meals_Restaurants (mealID, restaurantID) VALUES ('35', '13');
INSERT INTO Meals_Restaurants (mealID, restaurantID) VALUES ('43', '21');
INSERT INTO Meals_Restaurants (mealID, restaurantID) VALUES ('28', '40');
INSERT INTO Meals_Restaurants (mealID, restaurantID) VALUES ('33', '5');
INSERT INTO Meals_Restaurants (mealID, restaurantID) VALUES ('26', '15');
INSERT INTO Meals_Restaurants (mealID, restaurantID) VALUES ('20', '42');
INSERT INTO Meals_Restaurants (mealID, restaurantID) VALUES ('13', '29');
INSERT INTO Meals_Restaurants (mealID, restaurantID) VALUES ('32', '35');
INSERT INTO Meals_Restaurants (mealID, restaurantID) VALUES ('35', '43');
INSERT INTO Meals_Restaurants (mealID, restaurantID) VALUES ('37', '2');
INSERT INTO Meals_Restaurants (mealID, restaurantID) VALUES ('17', '28');
INSERT INTO Meals_Restaurants (mealID, restaurantID) VALUES ('8', '39');
INSERT INTO Meals_Restaurants (mealID, restaurantID) VALUES ('7', '8');
INSERT INTO Meals_Restaurants (mealID, restaurantID) VALUES ('22', '16');
INSERT INTO Meals_Restaurants (mealID, restaurantID) VALUES ('42', '4');
INSERT INTO Meals_Restaurants (mealID, restaurantID) VALUES ('20', '23');
INSERT INTO Meals_Restaurants (mealID, restaurantID) VALUES ('9', '30');
INSERT INTO Meals_Restaurants (mealID, restaurantID) VALUES ('27', '15');
INSERT INTO Meals_Restaurants (mealID, restaurantID) VALUES ('45', '26');
INSERT INTO Meals_Restaurants (mealID, restaurantID) VALUES ('25', '40');
INSERT INTO Meals_Restaurants (mealID, restaurantID) VALUES ('10', '17');
INSERT INTO Meals_Restaurants (mealID, restaurantID) VALUES ('40', '12');
INSERT INTO Meals_Restaurants (mealID, restaurantID) VALUES ('28', '14');
INSERT INTO Meals_Restaurants (mealID, restaurantID) VALUES ('39', '13');
INSERT INTO Meals_Restaurants (mealID, restaurantID) VALUES ('18', '33');
INSERT INTO Meals_Restaurants (mealID, restaurantID) VALUES ('38', '34');
INSERT INTO Meals_Restaurants (mealID, restaurantID) VALUES ('4', '31');
INSERT INTO Meals_Restaurants (mealID, restaurantID) VALUES ('30', '35');
INSERT INTO Meals_Restaurants (mealID, restaurantID) VALUES ('44', '21');
INSERT INTO Meals_Restaurants (mealID, restaurantID) VALUES ('14', '44');
INSERT INTO Meals_Restaurants (mealID, restaurantID) VALUES ('32', '19');
INSERT INTO Meals_Restaurants (mealID, restaurantID) VALUES ('45', '1');
INSERT INTO Meals_Restaurants (mealID, restaurantID) VALUES ('34', '42');
INSERT INTO Meals_Restaurants (mealID, restaurantID) VALUES ('33', '29');
INSERT INTO Meals_Restaurants (mealID, restaurantID) VALUES ('11', '25');
INSERT INTO Meals_Restaurants (mealID, restaurantID) VALUES ('15', '41');
INSERT INTO Meals_Restaurants (mealID, restaurantID) VALUES ('5', '3');
INSERT INTO Meals_Restaurants (mealID, restaurantID) VALUES ('1', '11');
INSERT INTO Meals_Restaurants (mealID, restaurantID) VALUES ('12', '37');
INSERT INTO Meals_Restaurants (mealID, restaurantID) VALUES ('13', '5');
INSERT INTO Meals_Restaurants (mealID, restaurantID) VALUES ('24', '10');
INSERT INTO Meals_Restaurants (mealID, restaurantID) VALUES ('36', '45');
INSERT INTO Meals_Restaurants (mealID, restaurantID) VALUES ('2', '22');
INSERT INTO Meals_Restaurants (mealID, restaurantID) VALUES ('3', '20');
INSERT INTO Meals_Restaurants (mealID, restaurantID) VALUES ('29', '32');
INSERT INTO Meals_Restaurants (mealID, restaurantID) VALUES ('31', '18');
INSERT INTO Meals_Restaurants (mealID, restaurantID) VALUES ('27', '36');
INSERT INTO Meals_Restaurants (mealID, restaurantID) VALUES ('16', '9');
INSERT INTO Meals_Restaurants (mealID, restaurantID) VALUES ('20', '24');
INSERT INTO Meals_Restaurants (mealID, restaurantID) VALUES ('22', '6');
INSERT INTO Meals_Restaurants (mealID, restaurantID) VALUES ('23', '38');
INSERT INTO Meals_Restaurants (mealID, restaurantID) VALUES ('41', '7');
INSERT INTO Meals_Restaurants (mealID, restaurantID) VALUES ('6', '27');
INSERT INTO Meals_Restaurants (mealID, restaurantID) VALUES ('38', '32');
INSERT INTO Meals_Restaurants (mealID, restaurantID) VALUES ('23', '27');
INSERT INTO Meals_Restaurants (mealID, restaurantID) VALUES ('26', '41');
INSERT INTO Meals_Restaurants (mealID, restaurantID) VALUES ('7', '12');
INSERT INTO Meals_Restaurants (mealID, restaurantID) VALUES ('2', '13');
INSERT INTO Meals_Restaurants (mealID, restaurantID) VALUES ('19', '15');
INSERT INTO Meals_Restaurants (mealID, restaurantID) VALUES ('44', '18');
INSERT INTO Meals_Restaurants (mealID, restaurantID) VALUES ('15', '16');
INSERT INTO Meals_Restaurants (mealID, restaurantID) VALUES ('13', '38');
INSERT INTO Meals_Restaurants (mealID, restaurantID) VALUES ('4', '4');
INSERT INTO Meals_Restaurants (mealID, restaurantID) VALUES ('36', '23');
INSERT INTO Meals_Restaurants (mealID, restaurantID) VALUES ('9', '8');
INSERT INTO Meals_Restaurants (mealID, restaurantID) VALUES ('43', '22');
INSERT INTO Meals_Restaurants (mealID, restaurantID) VALUES ('7', '24');
INSERT INTO Meals_Restaurants (mealID, restaurantID) VALUES ('34', '19');
INSERT INTO Meals_Restaurants (mealID, restaurantID) VALUES ('21', '2');
INSERT INTO Meals_Restaurants (mealID, restaurantID) VALUES ('42', '3');
INSERT INTO Meals_Restaurants (mealID, restaurantID) VALUES ('23', '6');
INSERT INTO Meals_Restaurants (mealID, restaurantID) VALUES ('20', '36');
INSERT INTO Meals_Restaurants (mealID, restaurantID) VALUES ('5', '30');
INSERT INTO Meals_Restaurants (mealID, restaurantID) VALUES ('34', '25');
INSERT INTO Meals_Restaurants (mealID, restaurantID) VALUES ('31', '21');
INSERT INTO Meals_Restaurants (mealID, restaurantID) VALUES ('8', '31');
INSERT INTO Meals_Restaurants (mealID, restaurantID) VALUES ('35', '34');
INSERT INTO Meals_Restaurants (mealID, restaurantID) VALUES ('25', '42');
INSERT INTO Meals_Restaurants (mealID, restaurantID) VALUES ('1', '39');
INSERT INTO Meals_Restaurants (mealID, restaurantID) VALUES ('27', '28');
INSERT INTO Meals_Restaurants (mealID, restaurantID) VALUES ('14', '29');
INSERT INTO Meals_Restaurants (mealID, restaurantID) VALUES ('37', '17');
INSERT INTO Meals_Restaurants (mealID, restaurantID) VALUES ('39', '20');
INSERT INTO Meals_Restaurants (mealID, restaurantID) VALUES ('18', '43');
INSERT INTO Meals_Restaurants (mealID, restaurantID) VALUES ('28', '26');
INSERT INTO Meals_Restaurants (mealID, restaurantID) VALUES ('33', '1');
INSERT INTO Meals_Restaurants (mealID, restaurantID) VALUES ('45', '45');
INSERT INTO Meals_Restaurants (mealID, restaurantID) VALUES ('10', '44');
INSERT INTO Meals_Restaurants (mealID, restaurantID) VALUES ('41', '40');
INSERT INTO Meals_Restaurants (mealID, restaurantID) VALUES ('24', '7');
INSERT INTO Meals_Restaurants (mealID, restaurantID) VALUES ('19', '33');
INSERT INTO Meals_Restaurants (mealID, restaurantID) VALUES ('30', '5');
INSERT INTO Meals_Restaurants (mealID, restaurantID) VALUES ('13', '37');
INSERT INTO Meals_Restaurants (mealID, restaurantID) VALUES ('29', '14');
INSERT INTO Meals_Restaurants (mealID, restaurantID) VALUES ('40', '9');
INSERT INTO Meals_Restaurants (mealID, restaurantID) VALUES ('3', '35');
INSERT INTO Meals_Restaurants (mealID, restaurantID) VALUES ('11', '11');
INSERT INTO Meals_Restaurants (mealID, restaurantID) VALUES ('17', '10');
INSERT INTO Meals_Restaurants (mealID, restaurantID) VALUES ('14', '43');
INSERT INTO Meals_Restaurants (mealID, restaurantID) VALUES ('26', '44');
INSERT INTO Meals_Restaurants (mealID, restaurantID) VALUES ('41', '41');
INSERT INTO Meals_Restaurants (mealID, restaurantID) VALUES ('5', '18');
INSERT INTO Meals_Restaurants (mealID, restaurantID) VALUES ('19', '8');
INSERT INTO Meals_Restaurants (mealID, restaurantID) VALUES ('22', '14');
INSERT INTO Meals_Restaurants (mealID, restaurantID) VALUES ('9', '10');
INSERT INTO Meals_Restaurants (mealID, restaurantID) VALUES ('9', '36');
INSERT INTO Meals_Restaurants (mealID, restaurantID) VALUES ('43', '13');
INSERT INTO Meals_Restaurants (mealID, restaurantID) VALUES ('7', '23');
INSERT INTO Meals_Restaurants (mealID, restaurantID) VALUES ('15', '5');
INSERT INTO Meals_Restaurants (mealID, restaurantID) VALUES ('29', '31');
INSERT INTO Meals_Restaurants (mealID, restaurantID) VALUES ('1', '4');
INSERT INTO Meals_Restaurants (mealID, restaurantID) VALUES ('20', '19');
INSERT INTO Meals_Restaurants (mealID, restaurantID) VALUES ('23', '33');
INSERT INTO Meals_Restaurants (mealID, restaurantID) VALUES ('19', '39');
INSERT INTO Meals_Restaurants (mealID, restaurantID) VALUES ('24', '25');
INSERT INTO Meals_Restaurants (mealID, restaurantID) VALUES ('23', '16');
INSERT INTO Meals_Restaurants (mealID, restaurantID) VALUES ('4', '37');
INSERT INTO Meals_Restaurants (mealID, restaurantID) VALUES ('27', '27');
